,Gender2,Gender3,CountC,CountV,Start,End,start_letter,end_letter,plu_pattern,aug_vowel,source,derived_cat,semantic_cat,human,animate,semantic
0,0,0,4,1,1,1,4,13,1,0,3,12,5,0,0,12
1,0,0,4,1,1,1,24,13,0,0,3,12,5,0,0,2
2,1,1,5,2,1,1,14,7,0,0,3,5,1,0,0,5
3,0,0,2,2,1,0,4,6,2,0,3,1,5,0,0,19
4,1,1,4,0,1,1,14,9,1,0,3,12,5,0,0,4
5,1,1,4,0,1,1,14,9,1,0,3,12,5,0,0,6
6,1,1,5,0,1,1,10,13,0,0,0,3,3,1,1,18
7,1,1,0,0,0,0,25,25,4,0,3,7,5,0,0,7
8,1,1,4,1,1,0,14,16,1,0,3,5,1,0,0,6
9,1,1,4,1,1,1,3,18,0,0,3,12,4,0,0,6
10,1,1,4,1,1,1,8,13,1,0,3,12,1,0,1,1
11,1,1,4,1,1,1,14,1,0,0,0,6,3,1,1,2
12,1,1,3,1,1,1,21,13,0,0,3,12,5,0,0,13
13,1,1,5,1,1,1,10,14,0,0,3,3,3,1,1,12
14,1,1,3,2,1,0,21,16,1,0,3,12,4,0,0,0
15,1,2,3,2,1,0,19,6,0,0,3,12,5,0,1,1
16,1,2,3,2,1,0,11,16,1,0,3,3,5,1,1,18
17,1,1,3,1,1,1,14,10,1,0,3,12,1,0,0,13
18,1,2,3,2,1,1,10,18,0,0,3,12,5,0,1,0
19,1,2,3,2,1,1,4,9,0,0,3,12,5,0,1,1
20,0,0,6,1,1,1,8,14,1,0,3,12,0,0,0,6
21,1,1,3,2,1,0,14,0,0,0,3,12,5,0,0,7
22,0,0,3,1,1,1,10,20,3,0,3,1,5,0,0,14
23,1,2,3,1,1,1,10,20,0,0,3,3,5,1,1,14
24,1,1,3,1,1,1,14,10,3,0,3,1,5,0,0,2
25,1,1,3,1,1,1,14,7,3,0,3,1,5,0,0,6
26,1,1,4,1,1,1,14,13,0,0,3,1,5,0,0,12
27,1,2,4,1,1,1,10,13,0,0,0,3,5,1,1,7
28,1,1,4,1,1,0,14,16,3,0,3,1,5,0,0,12
29,1,1,3,1,1,0,19,16,3,0,3,1,5,0,0,19
30,0,0,2,2,1,0,4,6,3,0,3,1,5,0,0,2
31,1,1,5,1,1,1,14,13,3,0,3,1,5,0,0,19
32,0,0,5,2,1,1,14,7,3,0,3,1,5,0,0,12
33,1,1,4,1,1,1,14,20,3,0,3,1,5,0,0,19
34,1,1,3,1,1,0,8,16,3,0,3,1,5,0,0,17
35,1,1,3,2,1,0,21,16,3,0,3,1,5,0,0,17
36,1,1,3,1,1,1,10,7,3,0,3,1,5,0,0,17
37,0,0,3,2,1,0,10,6,3,0,3,7,5,0,0,19
38,1,1,3,1,1,1,2,17,0,0,3,1,5,0,0,6
39,0,0,3,1,1,1,18,7,3,0,3,1,5,0,0,19
40,1,1,3,1,1,1,14,9,0,0,3,1,5,0,0,19
41,1,1,5,1,1,1,21,21,2,0,3,1,5,0,0,11
42,1,1,2,2,1,0,14,6,3,0,3,1,5,0,0,11
43,1,1,3,1,1,1,14,14,3,0,3,1,5,0,0,19
44,1,1,3,1,1,1,14,9,3,0,3,1,5,0,0,19
45,1,1,4,2,1,0,10,16,2,0,3,1,5,0,0,12
46,1,1,5,1,1,1,14,13,0,0,3,1,4,0,0,19
47,1,1,4,1,1,1,8,7,3,0,3,1,5,0,0,10
48,1,1,4,1,1,1,22,9,1,0,3,1,5,0,0,19
49,1,1,2,1,1,1,14,2,2,0,3,1,1,0,0,2
50,1,1,3,1,1,1,14,10,0,0,3,1,5,0,0,12
51,0,0,2,2,1,0,2,6,3,0,3,1,5,0,0,19
52,0,0,5,1,1,1,10,13,3,0,3,1,5,0,0,12
53,1,1,4,1,1,1,11,14,3,0,3,1,5,0,0,12
54,1,1,3,1,1,1,18,10,3,0,3,1,5,0,0,10
55,1,1,6,1,1,1,14,10,3,0,3,1,5,0,0,12
56,1,1,5,1,1,1,14,14,3,0,3,1,5,0,0,19
57,1,1,4,1,1,1,14,9,3,0,3,1,5,0,0,5
58,1,1,4,1,1,0,10,6,1,0,0,12,3,1,1,21
59,1,1,4,1,1,1,9,23,0,0,3,12,5,0,1,1
60,1,2,3,1,1,1,23,11,0,0,0,1,5,1,1,14
61,1,1,4,1,1,1,14,10,3,0,3,3,5,0,0,17
62,1,1,3,0,1,1,11,9,3,0,3,5,5,0,0,12
63,1,1,4,1,1,1,10,18,3,0,3,12,5,0,0,12
64,1,1,3,1,1,1,11,18,3,0,3,5,5,0,0,12
65,1,1,4,1,1,1,14,14,1,0,3,5,1,0,0,12
66,1,1,3,1,1,1,3,14,3,0,3,1,5,0,0,12
67,1,1,3,1,1,1,11,13,0,0,3,12,5,0,0,13
68,1,1,4,2,1,1,9,2,0,0,0,12,1,0,0,12
69,1,2,4,1,1,1,9,2,1,0,3,12,5,0,1,1
70,1,2,3,1,1,1,19,1,0,0,0,12,5,1,1,18
71,1,1,3,2,1,0,5,6,0,0,0,3,3,1,1,7
72,1,2,6,1,1,1,10,9,1,0,3,3,5,1,1,18
73,0,0,4,1,1,1,9,20,0,0,0,12,0,0,0,2
74,0,0,4,1,1,1,13,10,0,0,3,12,5,0,0,7
75,1,2,3,1,1,1,12,10,0,0,0,12,5,1,1,20
76,1,2,4,1,1,1,20,9,1,0,3,12,5,0,1,1
77,1,1,4,1,1,1,24,9,0,0,3,12,1,0,0,3
78,1,1,4,1,1,1,14,14,0,0,3,12,5,0,0,20
79,1,1,4,1,1,1,14,13,3,0,3,1,5,0,0,7
80,1,2,4,1,1,1,10,2,1,0,3,3,5,0,1,1
81,0,0,3,1,1,0,2,0,3,0,3,12,5,0,0,20
82,1,1,3,2,1,1,12,2,0,0,3,12,5,0,0,14
83,1,1,4,1,1,1,9,10,3,0,3,1,5,0,0,11
84,1,1,4,1,1,0,14,6,3,0,3,1,5,0,0,11
85,1,1,3,1,1,1,18,4,3,0,3,1,5,0,0,18
86,1,2,3,1,1,1,14,14,1,0,3,12,5,0,1,1
87,1,2,5,0,1,1,10,8,0,0,0,3,5,1,1,18
88,1,2,3,1,1,1,21,8,0,0,0,3,5,1,1,18
89,1,2,4,1,1,1,11,3,1,0,3,3,5,0,1,12
90,1,2,5,2,1,0,11,16,1,0,0,3,5,1,1,2
91,1,2,3,2,1,1,18,9,0,0,3,3,5,1,1,2
92,1,1,3,0,1,1,14,14,1,0,3,12,1,0,0,0
93,0,0,5,0,1,1,9,13,0,0,0,12,5,0,0,16
94,1,1,4,2,1,1,21,13,1,0,3,12,3,1,1,14
95,1,2,3,2,1,1,1,2,0,0,3,3,5,1,1,2
96,1,1,3,1,1,1,2,7,3,0,3,1,5,0,0,2
97,1,1,2,2,1,0,2,16,1,0,3,12,1,0,0,3
98,1,1,4,1,1,1,22,9,1,0,3,5,1,0,0,4
99,0,0,2,1,1,1,8,13,0,0,0,12,0,0,0,12
100,1,1,4,1,1,1,21,2,3,0,0,12,5,0,0,3
101,1,1,2,1,1,0,4,0,2,0,3,12,1,0,0,12
102,1,2,3,1,1,1,21,2,1,0,3,12,5,0,1,1
103,1,2,4,1,1,1,1,21,0,0,3,3,5,0,1,18
104,1,2,4,1,1,1,8,2,0,0,3,3,5,0,1,18
105,1,1,4,2,1,0,20,16,1,0,3,12,1,0,0,11
106,1,1,3,2,1,0,1,16,1,0,2,12,1,0,0,11
107,1,1,4,1,1,1,18,13,3,0,3,12,5,0,0,19
108,1,1,3,2,1,0,1,0,2,0,3,12,1,0,0,3
109,1,1,3,2,1,0,1,0,2,0,3,12,1,0,0,3
110,1,1,4,1,1,1,3,9,0,0,3,12,1,0,0,3
111,1,1,4,1,1,1,19,14,1,0,3,12,1,0,0,11
112,1,2,4,1,1,1,19,10,0,0,0,12,5,1,1,18
113,1,1,3,2,1,1,8,7,0,0,3,12,1,0,0,12
114,0,0,4,1,1,1,24,15,0,0,3,12,0,0,0,12
115,1,1,3,1,1,1,14,3,0,0,3,5,5,0,0,2
116,1,2,4,1,1,1,1,12,0,0,3,3,5,1,1,18
117,1,1,4,1,1,1,9,7,0,0,3,12,5,0,0,13
118,1,1,4,1,1,1,10,13,0,0,3,12,5,0,0,13
119,1,2,4,2,1,1,3,7,0,0,3,3,5,1,1,5
120,1,2,3,1,1,1,13,1,0,0,3,12,5,1,1,9
121,1,1,3,2,1,0,3,6,3,0,3,1,5,0,0,5
122,1,1,4,1,1,1,20,13,1,0,3,12,1,0,0,2
123,1,2,4,1,1,1,3,2,0,0,3,12,5,0,1,2
124,1,1,4,2,1,1,12,10,0,0,3,12,1,0,0,12
125,1,2,4,1,1,1,4,18,0,0,3,12,5,1,1,7
126,1,2,4,1,1,1,15,10,0,0,3,12,5,1,1,7
127,1,2,4,1,1,1,15,3,0,0,3,12,5,1,1,10
128,1,1,2,2,1,0,19,6,0,0,0,12,5,0,1,1
129,1,2,3,1,1,0,10,6,2,0,0,3,5,1,1,16
130,1,2,4,2,1,0,10,6,2,0,0,3,5,1,1,16
131,1,1,4,2,1,0,11,16,3,0,3,1,5,0,0,11
132,1,1,3,2,1,0,2,16,3,0,3,1,5,0,0,11
133,1,2,3,1,1,0,10,0,2,0,3,3,5,1,1,1
134,1,1,3,2,1,1,1,11,1,0,2,12,1,0,0,6
135,1,1,3,0,1,1,1,4,2,0,3,12,5,0,0,3
136,1,1,4,0,1,1,14,9,1,0,3,12,1,0,0,6
137,1,1,3,1,1,0,18,16,3,0,3,12,5,0,0,0
138,1,2,3,2,1,1,10,14,1,0,3,3,5,1,1,2
139,1,1,3,1,1,1,10,18,0,0,3,1,5,0,0,2
140,1,2,4,1,1,1,21,11,0,0,0,3,5,1,1,17
141,1,1,3,0,1,1,18,13,2,0,3,12,5,0,0,6
142,0,0,3,2,1,1,3,14,0,0,3,12,0,0,0,6
143,1,1,4,1,1,0,14,16,2,0,3,1,5,0,0,4
144,1,2,3,2,1,1,1,13,0,0,3,3,5,1,1,2
145,1,2,4,2,1,0,10,16,1,0,3,3,5,1,1,2
146,1,2,4,1,1,1,11,13,2,0,3,12,5,0,1,1
147,1,2,3,2,1,1,1,13,0,0,3,12,5,0,1,1
148,1,1,4,1,1,1,4,13,0,0,0,12,3,1,1,14
149,0,0,4,2,1,1,14,11,1,0,3,5,0,0,0,12
150,1,1,4,2,1,0,24,6,3,0,3,1,5,0,0,5
151,1,1,3,1,1,1,1,18,2,0,3,12,5,0,0,13
152,1,1,3,2,1,0,3,16,2,0,3,1,5,0,0,13
153,0,0,4,1,1,1,23,2,1,0,3,12,0,0,0,12
154,1,2,4,1,1,1,1,13,0,0,3,12,5,1,1,1
155,1,2,3,2,1,1,10,7,0,0,3,12,5,0,1,1
156,1,1,4,2,1,0,14,16,2,0,3,1,5,0,0,5
157,1,1,5,1,1,1,14,2,0,0,3,12,1,0,0,0
158,1,1,4,2,1,0,9,16,1,0,0,12,1,0,0,12
159,1,1,4,1,1,1,12,23,0,0,0,12,3,1,1,14
160,1,2,4,1,1,1,10,4,1,0,0,3,5,1,1,2
161,1,1,4,1,1,1,19,4,0,0,0,7,5,0,0,2
162,1,1,4,1,1,1,21,13,0,0,3,12,5,0,0,0
163,1,1,4,1,1,1,14,10,0,0,3,12,1,0,0,3
164,1,1,3,1,1,1,24,3,2,0,3,12,5,0,0,3
165,1,1,3,2,1,1,24,14,1,0,3,12,5,0,0,3
166,1,1,2,1,1,0,19,16,3,0,3,1,5,0,0,19
167,1,1,6,1,1,1,4,13,1,0,3,12,5,0,0,0
168,1,1,5,1,1,1,9,21,0,0,0,12,1,0,0,7
169,1,1,4,1,1,1,19,2,0,0,3,12,5,0,0,2
170,1,1,4,1,1,1,19,13,0,0,3,3,3,0,0,7
171,1,1,4,2,1,0,19,6,0,0,0,0,3,1,1,10
172,1,1,4,1,1,1,23,18,0,0,0,12,1,0,0,11
173,1,1,4,1,1,1,12,11,2,0,3,12,1,0,0,3
174,1,1,4,1,1,1,12,9,0,0,3,12,1,0,0,6
175,1,1,4,1,1,1,12,9,0,0,3,12,1,0,0,7
176,1,1,5,1,1,1,22,22,0,0,0,12,4,0,0,12
177,1,1,4,1,1,1,10,13,1,0,3,12,5,0,0,13
178,1,1,4,1,1,1,10,4,0,0,3,3,5,1,1,12
179,1,1,4,1,1,1,10,7,0,0,3,1,3,1,1,11
180,1,1,3,1,1,1,10,7,0,0,3,3,3,1,1,11
181,1,2,4,1,1,1,10,2,1,0,3,3,5,1,1,2
182,1,1,3,1,1,1,1,2,3,0,3,1,5,0,0,2
183,1,2,3,1,1,0,23,6,1,0,3,12,5,1,1,9
184,1,2,4,1,1,1,1,13,0,0,0,3,5,1,1,7
185,1,2,4,1,1,1,10,9,1,0,3,3,5,1,1,12
186,1,1,4,1,1,1,10,3,0,0,3,12,1,0,0,3
187,1,1,2,2,1,0,19,16,1,0,3,12,1,0,0,4
188,1,2,3,0,1,1,13,10,2,0,3,12,5,0,1,1
189,1,2,4,1,1,1,13,8,0,0,3,12,5,1,1,1
190,1,1,4,0,1,1,4,9,1,0,3,12,5,0,0,0
191,1,1,3,1,1,1,10,4,1,0,3,12,5,0,0,7
192,1,2,3,2,1,1,10,13,0,0,3,3,5,1,1,7
193,1,1,4,0,1,1,14,18,1,0,3,5,1,0,0,0
194,1,1,4,2,1,0,17,16,1,0,3,12,1,0,0,0
195,0,0,3,0,1,1,4,13,3,0,3,1,5,0,0,21
196,0,0,4,0,1,1,11,13,3,0,3,1,5,0,0,21
197,1,1,4,1,1,1,11,13,0,0,3,3,3,1,1,21
198,1,1,4,1,1,1,14,2,0,0,0,3,3,1,1,21
199,1,2,3,1,1,1,10,21,2,0,3,12,5,0,1,1
200,1,2,4,1,1,1,10,7,1,0,3,3,5,1,1,2
201,1,1,3,2,1,1,20,14,0,0,3,12,1,0,0,11
202,1,2,3,1,1,1,4,13,0,0,3,12,5,0,1,1
203,1,1,3,2,1,1,8,13,0,0,3,12,5,0,1,1
204,1,1,4,1,1,1,21,2,0,0,3,12,1,0,0,12
205,1,2,5,1,1,1,1,18,1,0,3,12,5,0,1,1
206,1,2,3,1,1,0,21,6,2,0,3,12,5,1,1,7
207,0,0,3,2,1,0,20,0,2,0,3,12,5,0,0,15
208,1,2,2,2,1,0,13,6,2,0,3,12,5,1,1,16
209,1,1,3,1,1,1,14,7,3,0,3,7,5,0,0,2
210,0,0,4,1,1,1,4,7,3,0,3,1,5,0,0,2
211,1,1,4,0,1,1,14,9,1,0,3,5,5,0,0,16
212,1,2,3,2,1,0,24,6,2,0,0,12,5,0,1,15
213,1,1,4,1,1,1,19,10,0,0,3,12,3,1,1,2
214,1,1,4,1,1,1,10,13,0,0,0,12,1,0,0,12
215,1,1,4,1,1,1,20,13,2,0,3,12,1,0,0,19
216,1,2,5,0,1,1,10,12,0,0,0,3,5,1,1,5
217,1,1,4,1,1,1,13,2,3,0,3,12,5,0,0,2
218,1,1,3,1,1,1,18,4,0,0,3,1,1,0,0,3
219,0,0,3,2,1,0,10,0,2,0,3,12,5,0,1,1
220,1,1,3,2,1,1,21,21,1,0,3,12,1,0,0,4
221,1,1,3,0,1,1,2,14,0,0,3,12,5,0,0,2
222,1,1,3,1,1,0,1,16,3,0,0,1,5,0,0,20
223,1,1,3,2,1,1,10,9,0,0,3,12,5,0,0,7
224,1,2,4,1,1,1,14,11,0,0,3,3,5,1,1,18
225,1,2,3,1,1,1,14,11,0,0,3,3,5,1,1,18
226,1,2,4,1,1,1,10,7,0,0,3,3,5,1,1,1
227,1,1,3,1,1,1,4,7,3,0,3,1,5,0,0,18
228,1,1,3,2,1,1,1,18,0,0,0,12,5,0,0,18
229,1,1,3,2,1,1,14,20,0,0,3,12,1,0,1,1
230,1,1,4,1,1,1,10,13,2,0,0,1,4,0,0,18
231,1,2,4,2,1,0,14,6,0,0,0,3,5,1,1,16
232,1,2,4,1,1,1,10,17,0,0,3,3,5,1,1,18
233,1,1,3,1,1,1,14,10,0,0,3,1,5,0,0,12
234,1,2,4,2,1,1,3,14,0,0,3,12,5,0,1,1
235,1,1,4,2,1,1,4,13,0,0,3,12,5,0,1,1
236,1,1,3,2,1,1,2,11,0,0,3,12,5,0,0,7
237,1,1,4,1,1,1,4,14,1,0,3,12,5,0,0,12
238,1,1,4,1,1,1,20,14,0,0,3,12,1,0,0,2
239,1,1,3,1,1,1,14,11,1,0,3,12,1,0,0,13
240,1,1,5,0,1,1,10,2,1,0,3,12,1,0,0,2
241,1,1,4,1,1,0,20,6,1,0,3,12,1,0,0,4
242,1,1,3,2,1,1,2,9,0,0,3,12,1,0,0,11
243,1,1,3,2,1,1,14,4,0,0,3,12,1,0,0,4
244,1,2,5,2,1,0,4,16,1,0,3,4,5,1,1,19
245,1,1,4,1,1,1,2,9,0,0,3,12,3,1,1,14
246,1,1,4,1,1,1,14,13,0,0,0,12,3,1,1,14
247,0,0,3,1,1,0,14,16,2,0,3,12,5,0,0,6
248,1,1,3,0,1,1,14,9,1,0,3,5,1,0,0,12
249,1,1,4,1,1,1,14,9,1,0,3,5,1,0,0,12
250,1,1,4,1,1,1,3,2,0,0,3,12,1,0,0,4
251,1,1,3,1,1,1,23,11,0,0,3,12,1,0,0,4
252,1,1,3,2,1,0,3,16,1,0,3,12,1,0,0,4
253,0,0,3,2,1,0,12,0,2,0,3,12,0,0,0,2
254,0,0,2,2,1,0,20,6,3,0,3,1,5,0,0,12
255,0,0,3,1,1,0,20,6,3,0,3,12,5,0,0,5
256,1,1,4,1,1,1,1,19,0,0,0,3,3,1,1,7
257,1,1,3,1,1,1,11,2,0,0,3,12,1,0,0,2
258,1,1,3,1,1,1,3,14,0,0,3,12,5,0,0,13
259,1,1,3,1,1,1,8,1,2,0,3,12,1,0,0,12
260,0,0,2,2,1,0,3,6,3,0,3,12,5,0,0,2
261,1,2,3,1,1,1,10,11,0,0,0,3,5,1,1,16
262,1,1,4,2,1,1,1,9,0,0,3,12,1,0,0,6
263,1,1,4,1,1,1,12,10,1,0,3,12,1,0,0,6
264,1,1,3,1,1,1,11,9,0,0,3,12,1,0,0,4
265,1,1,5,1,1,1,4,10,3,0,3,1,5,0,0,6
266,1,1,2,1,1,0,24,0,1,0,3,12,1,0,0,2
267,1,1,2,1,1,1,14,2,2,0,3,12,1,0,0,2
268,0,0,4,2,1,0,4,6,1,0,3,1,5,0,0,11
269,1,1,4,1,1,1,3,19,0,0,0,12,3,1,1,0
270,1,1,4,1,1,1,19,21,3,0,3,12,5,0,0,7
271,1,1,4,1,1,1,22,2,0,0,3,12,1,0,0,2
272,1,1,4,1,1,1,22,2,0,0,3,12,1,0,0,2
273,1,1,6,1,1,1,14,14,1,0,3,12,1,0,0,2
274,1,2,3,1,1,0,11,16,1,0,3,12,5,1,1,9
275,1,2,4,1,1,1,11,2,0,0,0,12,5,1,1,18
276,1,1,4,1,1,1,21,4,0,0,3,12,1,0,0,12
277,1,1,3,1,1,1,3,8,3,0,3,1,5,0,0,10
278,1,1,4,1,1,1,11,21,0,0,3,12,3,1,1,18
279,1,1,4,1,1,1,13,7,0,0,3,1,5,0,0,12
280,1,1,4,1,1,1,1,7,0,0,3,12,5,0,0,10
281,1,1,3,2,1,0,3,16,3,0,3,1,5,0,0,18
282,1,1,3,0,1,1,18,11,3,0,3,12,5,0,0,15
283,1,1,3,1,1,0,24,16,3,0,3,1,5,0,0,12
284,1,1,4,1,1,1,18,13,3,0,3,1,5,0,0,0
285,0,0,2,2,1,0,20,6,3,0,3,12,5,0,0,5
286,1,1,3,2,1,0,14,6,3,0,3,1,5,0,0,11
287,1,1,3,1,1,1,1,11,0,0,3,12,5,0,0,2
288,1,1,4,1,1,1,4,2,0,0,3,12,1,0,1,2
289,1,2,3,2,1,1,11,3,1,0,3,3,5,0,1,0
290,1,2,4,2,1,0,10,16,1,0,3,3,5,0,1,15
291,1,1,3,1,1,1,10,2,0,0,3,12,5,0,0,17
292,1,1,4,2,1,1,10,9,3,0,3,12,5,0,0,2
293,1,1,3,1,1,1,2,4,3,0,3,12,5,0,0,2
294,1,1,3,2,1,0,11,16,3,0,3,1,5,0,0,17
295,1,1,3,2,1,0,23,6,3,0,0,12,5,0,0,20
296,0,0,4,2,1,0,22,6,1,0,3,12,0,0,0,3
297,1,1,2,1,1,1,2,2,2,0,3,12,1,0,0,2
298,1,1,3,1,1,1,20,2,1,0,3,12,1,0,0,2
299,1,1,4,1,1,1,10,2,3,0,3,12,5,0,0,2
300,1,1,3,1,1,1,11,18,3,0,3,12,5,0,0,2
301,1,1,3,1,1,0,1,6,3,0,0,12,5,0,0,18
302,1,1,3,2,1,0,8,16,3,0,3,1,5,0,0,17
303,1,1,4,0,1,1,10,2,3,0,3,1,5,0,0,2
304,1,1,3,2,1,1,20,13,3,0,3,12,5,0,0,11
305,1,2,4,1,1,1,10,24,1,0,3,3,5,0,1,12
306,1,1,3,1,1,1,14,7,0,0,3,7,5,0,0,12
307,1,1,2,1,1,0,11,6,3,0,3,1,5,0,0,11
308,1,1,5,0,1,1,14,2,3,0,3,1,5,0,0,17
309,1,1,4,1,1,0,14,16,0,0,3,1,5,0,0,17
310,1,1,3,1,1,1,1,22,3,0,3,1,5,0,0,12
311,1,1,3,1,1,1,9,22,3,0,3,1,5,0,0,12
312,1,1,4,1,1,1,1,13,0,0,3,1,5,0,0,12
313,1,1,3,2,1,0,9,6,2,0,3,12,5,0,0,12
314,1,2,4,1,1,1,3,21,0,0,3,12,5,1,1,2
315,1,1,3,1,1,1,14,2,3,0,3,1,5,0,0,12
316,1,1,4,1,1,1,1,7,0,0,3,1,5,0,0,12
317,1,2,4,1,1,1,10,13,0,0,3,12,5,1,1,10
318,1,1,4,1,1,1,8,1,0,0,0,3,3,1,1,0
319,0,0,3,1,1,1,10,7,3,0,3,1,5,0,0,21
320,1,1,3,2,1,0,3,6,3,0,3,1,5,0,0,12
321,1,1,3,1,1,1,18,13,3,0,3,1,5,0,0,0
322,1,1,4,1,1,1,18,13,0,0,3,3,3,1,1,0
323,1,1,5,2,1,0,9,16,1,0,3,12,1,0,0,0
324,1,1,5,1,1,0,4,16,3,0,3,8,5,0,0,12
325,1,1,4,1,1,1,13,14,0,0,3,12,3,1,1,18
326,1,2,3,2,1,1,11,10,1,0,0,3,5,1,1,19
327,1,1,3,1,1,1,4,13,1,0,3,12,1,0,0,19
328,1,1,3,1,1,1,3,4,2,0,3,12,5,0,0,19
329,1,1,4,1,1,1,4,2,3,0,3,12,5,0,0,19
330,1,2,2,1,1,0,13,6,2,0,3,12,5,1,1,9
331,1,1,3,1,1,1,4,14,1,0,3,12,5,0,0,16
332,1,1,4,1,1,1,13,14,3,0,3,12,5,0,0,16
333,1,1,3,1,1,1,14,7,3,0,3,1,5,0,0,12
334,1,1,4,1,1,1,1,4,3,0,3,8,5,0,0,2
335,1,1,2,1,1,0,3,0,3,0,3,12,5,0,0,18
336,1,1,5,1,1,1,11,3,3,0,3,8,5,0,0,10
337,1,2,5,2,1,1,11,3,0,0,3,3,5,1,1,10
338,1,2,4,1,1,1,10,3,0,0,0,12,5,1,1,14
339,1,1,4,1,1,1,10,18,3,0,3,8,5,0,0,2
340,1,1,4,1,1,1,11,10,3,0,3,1,5,0,0,4
341,1,1,4,1,1,1,8,10,3,0,3,1,5,0,0,11
342,1,1,4,1,1,1,15,23,0,0,0,3,3,1,1,5
343,1,1,3,1,1,1,14,2,3,0,3,1,5,0,0,11
344,1,2,3,2,1,1,18,7,0,0,3,3,5,1,1,15
345,0,0,2,2,1,0,18,6,3,0,3,8,5,0,0,15
346,0,0,3,0,1,1,18,3,0,0,3,12,5,0,0,2
347,0,0,3,1,1,1,18,3,0,0,3,12,5,0,0,2
348,1,1,4,1,1,1,23,13,0,0,0,12,3,1,1,14
349,1,1,4,1,1,1,14,11,0,0,3,12,1,0,0,2
350,1,1,4,1,1,1,18,10,3,0,3,1,5,0,0,12
351,1,1,4,1,1,1,8,2,0,0,3,1,4,0,0,12
352,1,1,3,0,1,1,18,18,1,0,3,12,5,0,0,20
353,1,1,3,1,1,1,18,17,3,0,3,1,5,0,0,2
354,1,1,3,1,1,1,20,9,0,0,3,12,5,1,1,16
355,1,2,4,1,1,1,20,3,0,0,3,3,5,1,1,14
356,1,1,4,1,1,1,14,20,3,0,3,1,5,0,1,1
357,1,2,4,1,1,1,11,1,1,0,0,3,5,1,1,2
358,1,1,3,1,1,1,3,13,3,0,3,1,5,0,0,17
359,0,0,2,1,1,0,10,0,2,0,3,12,0,0,0,13
360,1,1,3,1,1,1,10,2,3,0,3,1,5,0,0,12
361,1,1,4,2,1,0,9,16,3,0,3,1,5,0,0,12
362,1,1,3,1,1,1,14,17,3,0,3,1,5,0,0,12
363,1,1,3,2,1,0,4,16,3,0,3,1,5,0,0,5
364,1,1,4,1,1,1,10,7,0,0,3,12,5,0,0,12
365,1,1,4,1,1,1,1,21,0,0,3,12,1,0,0,3
366,0,0,2,2,1,0,20,6,0,0,3,1,5,0,0,2
367,1,1,3,1,1,1,14,20,3,0,3,1,5,0,0,0
368,1,2,4,1,1,1,10,4,2,0,3,3,5,1,1,18
369,1,1,3,1,1,1,24,7,3,0,3,12,5,0,0,20
370,1,2,4,1,1,1,10,18,0,0,0,3,5,1,1,5
371,1,1,5,1,1,1,14,3,3,0,3,1,5,0,0,2
372,1,1,4,1,1,1,11,2,3,0,3,1,5,0,0,12
373,1,2,4,1,1,1,10,17,0,0,3,3,5,0,1,19
374,1,2,4,2,1,0,18,6,2,0,0,3,5,1,1,5
375,0,0,2,1,1,0,20,16,3,0,3,13,5,0,0,10
376,1,1,5,2,1,1,22,13,3,0,3,12,5,0,0,5
377,1,1,4,0,1,1,4,11,3,0,3,12,5,0,0,6
378,1,1,4,1,1,1,14,13,3,0,3,1,5,0,0,5
379,1,2,4,1,1,1,11,13,0,0,3,3,5,1,1,0
380,1,1,5,1,1,1,14,2,1,0,3,12,1,0,0,0
381,1,1,4,1,1,1,11,8,1,0,3,12,1,0,0,11
382,0,0,3,1,1,1,10,13,0,0,3,12,5,1,1,9
383,0,0,3,2,1,1,10,20,0,0,3,12,5,1,1,9
384,1,1,4,1,1,1,14,20,2,0,3,12,1,0,0,13
385,1,1,4,1,1,1,12,19,3,0,3,12,5,0,0,15
386,1,1,4,1,1,1,19,17,3,0,3,12,5,0,0,15
387,1,1,3,1,1,1,3,2,3,0,3,12,5,0,0,0
388,1,1,3,1,1,1,3,17,0,0,3,12,5,0,0,7
389,1,1,4,1,1,1,1,4,3,0,3,12,5,0,0,6
390,1,1,2,1,1,1,1,17,0,0,3,12,1,0,0,6
391,0,0,3,1,1,0,18,6,1,0,3,12,5,0,0,2
392,1,1,3,2,1,0,12,6,2,0,3,12,1,0,0,6
393,1,1,5,1,1,1,8,14,0,0,3,12,1,0,0,6
394,1,1,4,2,1,1,1,4,0,0,3,12,5,0,0,6
395,1,1,3,2,1,0,8,6,2,0,3,12,4,0,0,0
396,0,0,3,1,1,1,14,7,0,0,3,5,5,0,0,12
397,1,1,3,1,1,1,22,4,0,0,3,12,4,0,0,0
398,1,2,3,2,1,0,14,6,0,0,0,12,5,0,1,7
399,1,1,3,1,1,0,24,16,3,0,3,1,5,0,0,10
400,1,1,3,1,1,1,11,9,3,0,3,1,5,0,0,10
401,1,1,4,1,1,1,3,7,3,0,3,1,5,0,0,12
402,1,2,3,1,1,1,10,9,0,0,3,12,5,1,1,12
403,1,1,2,1,1,0,4,6,2,0,3,12,1,0,0,13
404,1,2,4,1,1,1,10,17,0,0,3,3,5,0,1,10
405,1,2,3,2,1,1,11,9,0,0,3,3,5,0,1,10
406,1,1,3,0,1,1,18,9,2,0,3,12,1,0,0,12
407,1,1,4,1,1,1,3,11,0,0,0,12,1,0,0,6
408,1,1,3,2,1,0,3,16,1,0,0,12,1,0,0,6
409,0,0,3,1,1,1,20,21,1,0,3,12,5,0,0,6
410,0,0,3,1,1,1,21,21,1,0,3,12,0,0,0,12
411,1,1,3,1,1,1,1,21,1,0,3,12,1,0,0,6
412,1,1,3,1,1,1,22,7,3,0,3,3,5,0,0,21
413,1,2,3,1,1,0,10,16,2,0,3,3,5,0,1,12
414,1,1,3,2,1,0,18,16,3,0,3,1,5,0,0,20
415,0,0,3,1,1,0,17,0,2,0,3,12,5,0,0,19
416,1,1,2,1,1,1,18,4,2,0,3,12,5,0,0,19
417,1,1,4,2,1,0,4,16,1,0,3,12,5,0,1,1
418,1,1,4,1,1,1,8,10,3,0,3,1,5,0,0,17
419,1,1,4,1,1,1,14,2,2,0,3,12,5,0,0,17
420,1,1,3,2,1,0,19,16,2,0,3,1,4,0,0,12
421,1,1,4,1,1,1,1,21,1,0,3,12,1,0,0,6
422,0,0,2,2,1,0,13,0,3,0,3,1,5,0,0,11
423,1,1,4,1,1,1,8,7,0,0,3,3,3,1,1,6
424,1,2,4,2,1,0,10,6,2,0,3,3,5,1,1,6
425,1,2,4,2,1,0,14,6,1,0,3,0,5,1,1,6
426,1,1,3,2,1,1,10,13,2,0,3,12,5,0,0,0
427,1,2,5,0,1,1,10,13,0,0,0,3,5,1,1,10
428,1,2,4,0,1,1,10,9,1,0,3,3,5,1,1,18
429,1,1,5,2,1,1,14,18,0,0,3,5,1,0,0,7
430,1,1,6,1,1,1,10,13,0,0,3,12,5,0,0,18
431,0,0,3,1,1,1,4,14,0,0,3,12,5,0,0,6
432,1,1,3,1,1,1,17,9,0,0,3,12,5,0,0,2
433,1,2,3,1,1,1,3,24,2,0,3,12,5,1,1,9
434,1,2,4,1,1,1,23,9,0,0,3,12,5,1,1,9
435,1,2,4,1,1,1,23,14,0,0,3,6,3,1,1,21
436,1,2,3,1,1,1,11,3,0,0,3,3,5,1,1,21
437,1,2,4,2,1,1,10,9,0,0,3,12,5,1,1,14
438,1,1,3,1,1,1,18,7,0,0,3,1,5,0,0,0
439,1,2,4,1,1,1,10,7,0,0,3,3,5,1,1,0
440,1,2,4,0,1,1,18,2,1,0,3,12,5,0,1,1
441,1,2,4,1,1,1,2,9,2,0,3,12,5,1,1,9
442,0,0,4,2,1,0,11,16,3,0,3,1,5,0,0,11
443,1,1,2,1,1,1,3,2,2,0,3,12,1,0,0,2
444,1,1,3,2,1,1,10,20,0,0,3,12,1,0,0,0
445,1,1,5,1,1,1,3,9,1,0,3,12,1,0,0,2
446,1,1,3,2,1,1,5,13,1,0,3,12,1,0,0,2
447,1,1,4,1,1,1,2,9,0,0,3,12,1,0,0,12
448,1,1,4,1,1,1,10,12,0,0,3,12,1,0,0,12
449,1,1,4,1,1,1,15,9,0,0,3,12,1,0,0,12
450,1,1,2,1,1,0,8,0,2,0,3,12,5,0,0,2
451,1,2,3,1,1,0,10,16,1,0,3,3,5,1,1,0
452,1,1,5,1,1,1,9,3,2,0,3,12,1,0,0,6
453,0,0,3,1,1,1,4,10,0,0,3,12,0,0,0,15
454,1,1,4,1,1,1,4,14,1,0,3,12,1,0,0,21
455,0,0,4,2,1,1,14,10,0,0,3,5,5,0,0,4
456,0,0,2,1,1,0,18,6,1,0,3,12,5,0,0,6
457,1,1,4,1,1,1,14,9,1,0,3,5,1,0,0,0
458,1,1,3,2,1,1,2,11,0,0,3,12,1,0,0,0
459,0,0,3,1,1,1,20,21,1,0,3,12,0,0,0,0
460,1,1,4,1,1,1,8,18,0,0,3,1,5,0,0,12
461,1,1,3,2,1,1,4,13,1,0,3,12,1,0,0,0
462,1,1,2,1,1,0,4,16,1,0,3,12,5,0,1,1
463,1,2,3,2,1,0,8,0,2,0,3,12,5,0,1,1
464,1,2,3,1,1,1,2,7,0,0,3,3,5,0,1,15
465,1,1,3,1,1,0,21,6,1,0,3,12,5,0,0,0
466,1,1,5,2,1,1,1,8,0,0,3,12,5,0,0,13
467,1,1,3,2,1,1,8,13,0,0,3,12,5,0,0,11
468,1,1,2,2,1,0,14,0,2,0,3,12,5,0,0,13
469,1,1,3,1,1,1,10,7,0,0,3,1,5,0,0,21
470,1,1,3,1,1,1,24,10,1,0,3,12,1,0,0,2
471,1,1,3,2,1,1,4,10,1,0,3,12,1,0,0,2
472,1,1,4,1,1,1,12,1,2,0,3,12,1,0,0,10
473,1,2,4,1,1,1,10,20,0,0,3,3,5,1,1,18
474,1,2,4,1,1,1,11,13,0,0,3,3,5,0,1,10
475,1,1,4,2,1,1,21,13,1,0,3,12,1,0,0,12
476,1,1,3,1,1,1,19,8,1,0,3,12,1,0,0,3
477,1,1,4,1,1,1,2,13,0,0,3,12,1,0,0,18
478,1,2,3,2,1,0,19,6,2,0,0,12,5,0,1,5
479,1,1,3,2,1,1,14,13,3,0,3,5,5,0,0,0
480,1,2,4,2,1,0,10,16,1,0,3,3,5,1,1,14
481,1,1,3,1,1,1,13,18,0,0,3,12,5,1,1,9
482,1,2,6,2,1,1,14,13,0,0,3,12,5,1,1,18
483,1,2,3,2,1,1,10,20,0,0,3,12,5,1,1,18
484,0,0,3,2,1,0,19,16,3,0,3,12,5,0,0,2
485,0,0,3,2,1,1,10,13,0,0,3,12,0,0,0,0
486,1,1,3,1,1,1,19,21,1,0,3,12,1,0,0,4
487,1,2,4,1,1,1,10,21,1,0,0,3,5,1,1,5
488,1,1,3,1,1,1,21,2,3,0,3,1,5,0,0,2
489,1,2,3,2,1,1,8,10,2,0,3,3,5,1,1,2
490,1,1,3,1,1,1,8,10,3,0,3,1,5,0,0,2
491,1,2,4,1,1,1,11,13,0,0,0,3,5,1,1,5
492,0,0,5,0,1,1,14,2,1,0,3,5,0,0,0,12
493,1,1,3,0,1,1,4,14,3,0,3,12,5,0,0,19
494,0,0,4,1,1,1,13,3,3,0,3,12,5,0,0,11
495,1,1,3,1,1,0,14,6,3,0,3,1,5,0,0,0
496,1,2,4,2,1,0,14,6,2,0,0,0,5,1,1,18
497,1,1,3,1,1,0,19,16,1,0,3,12,1,0,0,0
498,1,1,3,2,1,0,14,6,3,0,3,1,5,0,0,0
499,1,1,4,1,1,1,19,2,0,0,0,3,3,1,1,5
500,1,2,4,1,1,1,10,2,0,0,0,3,5,1,1,5
501,1,2,3,1,1,1,17,20,0,0,3,3,5,0,1,17
502,1,1,4,1,1,1,12,13,0,0,0,3,3,1,1,7
503,1,1,3,1,1,1,4,18,0,0,3,12,1,0,0,2
504,0,0,5,2,1,1,10,7,0,0,3,5,5,0,0,7
505,1,1,4,2,1,0,18,16,1,0,3,12,1,0,0,0
506,1,2,4,1,1,1,11,19,1,0,0,3,5,1,1,5
507,1,2,4,1,1,1,10,18,0,0,3,3,5,1,1,0
508,1,2,4,1,1,1,10,11,1,0,3,3,5,1,1,5
509,1,1,3,1,1,1,8,7,3,0,3,12,5,0,0,6
510,1,1,4,2,1,1,10,7,0,0,3,12,5,0,0,5
511,1,1,3,1,1,1,14,9,1,0,3,5,1,0,0,3
512,1,2,3,1,1,1,12,9,0,0,3,12,5,0,1,1
513,1,1,3,1,1,0,10,0,2,0,3,12,5,0,0,2
514,1,1,4,2,1,0,5,16,3,0,3,1,5,0,0,5
515,1,1,2,2,1,0,9,6,3,0,3,12,5,0,0,0
516,0,0,3,1,1,0,10,0,2,0,3,3,5,1,1,3
517,1,1,5,0,1,1,14,2,1,0,3,3,5,0,0,3
518,0,0,2,1,1,0,1,0,2,0,3,12,5,0,0,7
519,1,1,3,0,1,1,11,13,2,0,3,12,1,0,0,2
520,1,1,4,0,1,1,14,3,1,0,3,5,1,0,0,12
521,1,1,3,1,1,1,14,13,0,0,3,12,1,0,0,18
522,1,1,3,1,1,1,14,14,1,0,3,12,1,0,0,18
523,1,1,4,1,1,1,4,10,0,0,3,12,5,0,1,1
524,1,2,5,2,1,1,19,7,0,0,3,12,5,0,1,17
525,1,2,5,2,1,0,20,16,1,0,3,4,5,1,1,19
526,1,1,4,1,1,1,21,12,0,0,3,12,5,0,0,12
527,1,1,4,1,1,1,5,18,0,0,3,12,5,0,0,12
528,1,1,3,1,1,0,20,0,2,0,3,12,1,0,0,6
529,1,1,3,1,1,1,14,10,1,0,3,5,5,0,0,6
530,1,1,4,0,1,1,14,14,1,0,3,5,1,0,0,6
531,1,2,3,1,1,1,18,9,3,0,3,1,5,0,1,2
532,1,2,4,1,1,1,8,7,0,0,3,3,5,1,1,14
533,1,1,2,1,1,1,18,9,3,0,3,12,5,0,0,17
534,1,2,5,0,1,1,10,13,0,0,0,12,5,1,1,18
535,1,2,4,1,1,1,1,7,0,0,0,3,5,1,1,12
536,1,1,4,1,1,1,11,3,1,0,0,3,3,1,1,19
537,1,2,4,2,1,0,10,16,1,0,3,3,5,1,1,19
538,1,1,2,1,1,1,3,14,2,0,3,12,1,0,0,2
539,1,1,5,1,1,1,8,2,0,0,3,12,1,0,0,2
540,1,2,5,0,1,1,10,13,0,0,3,3,5,1,1,5
541,1,1,3,2,1,1,10,11,1,0,3,3,3,1,1,2
542,1,1,4,2,1,0,2,16,1,0,3,12,1,0,0,0
543,1,1,3,1,1,1,8,13,3,0,3,12,5,0,0,3
544,0,0,3,2,1,0,14,16,3,0,3,1,5,0,0,1
545,1,1,3,1,1,0,14,6,1,0,3,12,1,0,0,12
546,0,0,3,2,1,0,2,6,3,0,0,1,5,0,0,5
547,1,1,4,2,1,1,4,9,0,0,3,12,5,0,0,13
548,0,0,2,2,1,0,17,0,3,0,3,12,5,0,0,11
549,1,1,4,0,1,1,14,9,1,0,3,12,1,0,0,11
550,1,2,4,1,1,1,10,18,0,0,3,3,5,1,1,11
551,0,0,3,1,1,0,10,0,2,0,3,12,5,0,0,9
552,1,2,3,1,1,0,1,6,2,0,0,3,5,1,1,11
553,1,1,3,1,1,1,4,13,1,0,0,12,1,0,0,6
554,1,1,4,1,1,1,8,9,0,0,3,3,3,1,1,2
555,1,1,3,1,1,1,4,18,3,0,3,1,5,0,0,2
556,1,2,4,1,1,1,10,21,1,0,3,3,5,1,1,5
557,1,1,4,1,1,1,4,18,0,0,3,12,5,0,0,2
558,1,2,3,1,1,1,2,1,0,0,0,12,5,1,1,2
559,1,1,3,2,1,1,14,13,0,0,3,12,5,0,0,2
560,1,2,3,1,1,1,1,17,0,0,3,12,5,0,1,1
561,1,1,4,1,1,1,10,7,0,0,3,1,4,0,0,12
562,1,1,4,1,1,1,13,14,3,0,3,1,5,0,0,12
563,1,1,3,2,1,0,13,16,3,0,3,12,5,0,0,6
564,1,1,4,1,1,1,13,7,0,0,3,1,5,0,0,12
565,1,1,3,1,1,0,19,16,3,0,3,1,5,0,0,10
566,1,2,5,0,1,1,10,13,1,0,3,3,5,1,1,18
567,1,1,4,1,1,1,11,13,0,0,0,6,3,1,1,14
568,1,2,4,1,1,1,10,7,0,0,3,3,5,1,1,21
569,1,1,4,1,1,1,14,9,1,0,3,12,5,0,0,15
570,1,1,3,1,1,0,3,6,0,0,0,12,5,0,0,15
571,1,2,4,1,1,1,23,13,0,0,0,6,5,1,1,15
572,1,1,3,1,1,0,14,0,2,0,3,5,5,0,0,3
573,1,2,4,1,1,1,19,11,0,0,3,12,5,1,1,18
574,0,0,4,1,1,1,14,11,0,0,3,12,5,0,0,7
575,1,1,4,1,1,1,2,1,0,0,3,6,3,1,1,18
576,1,2,4,2,1,1,18,7,0,0,3,3,5,0,1,19
577,0,0,3,2,1,0,10,0,3,0,3,12,5,0,0,5
578,1,2,4,1,1,1,11,9,0,0,3,3,5,0,1,13
579,0,0,3,1,1,0,10,0,3,0,3,1,5,0,0,0
580,1,2,2,2,0,1,16,20,3,0,3,12,5,0,0,17
581,1,2,3,1,1,0,19,6,2,0,3,12,5,1,1,9
582,1,2,4,2,1,1,1,13,0,0,3,12,5,1,1,18
583,1,1,3,1,1,1,2,13,0,0,3,12,1,0,0,13
584,1,1,3,1,1,1,20,7,3,0,3,1,5,0,0,11
585,1,1,3,2,1,1,1,18,1,0,3,12,1,0,0,13
586,1,1,4,1,1,1,15,18,0,0,0,3,3,1,1,5
587,1,1,5,1,1,1,3,7,1,0,3,12,1,0,0,15
588,1,1,3,1,1,1,12,23,0,0,0,12,1,0,0,15
589,1,1,4,1,1,1,8,2,1,0,3,12,1,0,0,15
590,1,1,4,1,1,1,4,10,2,0,3,13,1,0,0,12
591,1,1,5,1,1,1,1,7,1,0,3,12,1,0,0,15
592,0,0,3,1,1,0,3,16,1,0,3,12,0,0,0,12
593,1,1,3,1,1,1,24,9,0,0,3,12,5,0,0,2
594,1,1,4,1,1,1,12,14,0,0,3,12,1,0,0,0
595,1,2,4,1,1,1,9,20,0,0,3,3,5,0,1,17
596,1,1,3,0,1,1,18,4,2,0,3,12,5,0,0,0
597,0,0,3,1,1,1,5,7,1,0,3,12,5,0,1,1
598,1,2,3,1,1,1,4,17,0,0,3,12,5,1,1,2
599,1,2,4,1,1,1,14,11,1,0,3,12,5,0,1,1
600,1,1,2,2,1,0,1,6,0,0,3,12,5,0,1,1
601,1,1,3,1,1,1,20,1,2,0,3,12,1,0,0,4
602,1,1,3,1,1,0,12,16,1,0,3,12,1,0,0,2
603,1,1,4,1,1,1,4,13,1,0,3,12,1,0,0,2
604,1,1,4,0,1,1,14,14,1,0,3,12,1,0,0,3
605,1,2,4,1,1,1,10,10,0,0,0,12,5,1,1,16
606,1,2,4,1,1,1,23,10,0,0,0,3,5,1,1,11
607,1,2,4,1,1,1,24,10,0,0,3,12,5,1,1,2
608,1,1,4,1,1,1,4,9,1,0,3,12,1,0,0,4
609,1,1,4,2,1,0,10,16,3,0,3,12,5,0,0,2
610,0,0,4,1,1,1,13,10,2,0,3,12,0,0,0,6
611,1,2,3,2,1,0,14,6,0,0,0,12,5,1,1,18
612,0,0,3,2,1,0,17,0,2,0,3,12,5,1,1,18
613,1,1,3,0,1,1,2,9,3,0,3,12,5,0,0,13
614,1,1,3,1,1,0,14,6,2,0,3,12,5,0,0,1
615,0,0,4,2,1,1,10,14,0,0,3,1,5,0,0,5
616,1,2,4,1,1,1,14,11,0,0,3,12,5,0,1,17
617,0,0,3,2,1,0,14,6,3,0,3,1,5,0,0,17
618,0,0,2,1,1,0,2,16,3,0,3,1,5,0,0,17
619,1,2,4,1,1,1,10,4,0,0,3,12,5,1,1,18
620,1,2,4,1,1,1,13,9,0,0,0,3,5,1,1,18
621,1,2,4,2,1,1,1,9,0,0,3,12,5,0,1,5
622,1,2,4,1,1,1,11,13,0,0,3,3,5,0,1,17
623,1,2,3,1,1,1,10,13,0,0,3,1,5,1,1,17
624,1,1,3,1,1,1,10,13,0,0,3,3,5,1,1,18
625,0,0,4,1,1,1,17,14,0,0,3,12,5,0,0,6
626,1,1,3,1,1,0,10,16,2,0,3,1,5,0,0,6
627,1,1,3,1,1,0,20,6,2,0,3,12,5,0,0,19
628,1,1,3,1,1,0,10,16,1,0,3,1,5,0,0,13
629,1,2,4,1,1,1,19,18,1,0,3,12,5,1,1,2
630,1,2,4,1,1,1,15,18,1,0,3,12,5,1,1,2
631,1,2,5,2,1,1,19,18,0,0,3,3,5,1,1,2
632,0,0,3,2,1,0,17,6,2,0,3,12,5,0,0,14
633,1,1,4,1,1,1,10,9,0,0,3,12,5,0,0,17
634,0,0,3,1,1,1,4,7,0,0,3,12,5,0,0,6
635,1,2,3,0,1,1,20,11,2,0,3,12,5,1,1,16
636,1,1,3,1,1,1,10,18,0,0,3,12,5,0,1,1
637,1,1,4,2,1,1,3,7,0,0,3,12,5,0,1,1
638,1,1,4,2,1,1,14,9,0,0,3,3,5,0,1,1
639,1,1,3,1,1,0,14,16,1,0,3,12,5,0,0,17
640,1,1,2,2,1,0,10,16,1,0,3,12,5,0,0,17
641,1,1,4,0,1,1,18,13,3,0,3,1,5,0,0,16
642,1,1,4,1,1,1,10,20,1,0,3,12,1,0,0,2
643,0,0,3,1,1,1,17,2,0,0,0,12,0,0,0,4
644,1,1,4,1,1,1,14,20,0,0,3,12,3,1,1,12
645,1,2,5,2,1,0,11,16,1,0,0,3,5,1,1,5
646,1,1,4,1,1,1,18,7,0,0,3,12,5,0,0,0
647,1,1,4,1,1,1,4,10,0,0,3,12,5,0,1,1
648,0,0,4,2,1,0,10,16,2,0,0,5,5,0,0,2
649,0,0,4,1,1,1,4,9,1,0,3,12,0,0,0,12
650,1,1,4,1,1,1,13,10,3,0,3,1,5,0,0,19
651,1,2,4,1,1,1,10,9,1,0,3,3,5,1,1,14
652,1,1,3,1,1,1,20,10,3,0,3,12,5,0,0,6
653,1,1,4,1,1,1,4,3,1,0,3,12,1,0,0,0
654,1,1,4,0,1,1,14,14,1,0,3,12,1,0,0,14
655,1,1,4,1,1,1,1,18,0,0,3,12,5,0,0,2
656,1,1,2,1,1,1,17,9,2,0,3,12,5,0,0,7
657,1,1,4,1,1,1,24,21,0,0,3,12,5,0,0,16
658,1,1,4,1,1,1,21,19,0,0,3,12,1,0,0,11
659,1,1,3,1,1,1,18,7,3,0,3,1,5,0,0,11
660,0,0,3,2,1,1,10,13,1,0,3,12,5,0,0,18
661,1,1,4,1,1,1,3,21,3,0,3,12,5,0,0,6
662,1,1,3,2,1,1,5,13,1,0,3,12,1,0,0,2
663,1,1,4,1,1,1,14,2,0,0,0,3,3,1,1,1
664,1,1,4,1,1,1,14,20,0,0,0,6,3,1,1,14
665,0,0,2,2,1,0,3,0,3,0,3,12,5,0,0,6
666,1,1,4,1,1,1,1,2,1,0,3,12,1,0,0,2
667,1,1,3,2,1,0,1,0,2,0,3,12,1,0,0,2
668,1,1,3,2,1,0,1,16,1,0,3,12,1,0,0,2
669,1,1,5,2,1,1,14,10,0,0,3,1,5,0,0,10
670,1,2,4,1,1,1,4,2,1,0,3,12,5,0,1,1
671,1,2,4,1,1,1,14,13,2,0,3,12,5,0,1,1
672,1,2,4,2,1,0,10,16,1,0,0,3,5,1,1,5
673,0,0,4,0,1,1,14,9,1,0,3,12,5,0,0,12
674,1,1,4,1,1,1,20,13,1,0,3,12,1,0,0,0
675,0,0,5,2,1,0,2,6,2,0,3,12,5,0,0,4
676,1,1,2,1,1,1,2,13,0,0,3,12,1,0,0,2
677,1,1,2,1,1,0,18,16,2,0,3,12,1,0,0,13
678,1,1,4,0,1,1,14,2,1,0,3,1,5,0,0,12
679,1,2,3,1,1,1,15,13,0,0,3,12,5,0,1,1
680,1,1,4,1,1,1,14,10,1,0,3,5,1,0,0,12
681,1,1,4,2,1,1,14,8,1,0,3,5,1,0,0,12
682,1,1,5,1,1,1,14,18,3,0,3,1,5,0,0,12
683,0,0,4,2,1,1,1,18,1,0,3,12,0,0,0,12
684,1,1,4,1,1,1,4,10,1,0,3,12,1,0,0,12
685,1,1,3,2,1,1,18,13,0,0,3,12,5,0,0,13
686,1,1,4,2,1,0,14,6,2,0,3,1,5,0,0,8
687,1,1,5,2,1,1,14,7,0,0,3,1,5,0,0,8
688,0,0,6,1,1,1,1,10,3,0,3,12,5,0,0,0
689,1,1,3,2,1,1,1,9,0,0,3,12,1,0,0,2
690,0,0,4,1,1,1,3,11,1,0,3,12,0,0,0,6
691,0,0,3,1,1,0,13,6,1,0,3,12,0,0,0,6
692,1,1,3,1,1,1,11,13,0,0,3,12,5,0,0,13
693,1,1,4,1,1,1,13,21,0,0,3,12,5,0,0,13
694,1,2,3,2,1,1,11,3,1,0,3,3,5,1,1,2
695,0,0,4,1,1,0,9,0,2,0,0,5,5,0,0,4
696,1,1,4,1,1,1,11,10,0,0,0,3,3,1,1,7
697,1,1,3,0,1,1,14,10,2,0,3,12,1,0,1,1
698,1,1,3,0,1,1,2,13,2,0,3,12,1,0,0,2
699,1,2,5,2,1,1,4,7,0,0,3,12,5,0,1,13
700,1,1,4,2,1,0,14,6,3,0,3,1,5,0,0,1
701,1,1,4,2,1,1,10,7,0,0,3,3,3,1,1,11
702,1,2,4,1,1,1,4,1,0,0,0,12,5,1,1,11
703,1,1,4,1,1,1,11,7,0,0,3,3,3,1,1,21
704,1,1,4,1,1,1,4,13,0,0,3,12,1,0,0,19
705,1,1,4,1,1,1,22,9,0,0,3,12,1,0,0,0
706,0,0,3,1,1,0,11,0,3,0,3,1,5,0,0,13
707,1,1,3,0,1,1,11,13,2,0,3,12,5,0,0,1
708,1,1,3,1,1,1,22,23,0,0,3,12,5,0,1,1
709,1,1,3,1,1,1,18,18,1,0,3,12,5,0,1,1
710,1,1,3,2,1,0,24,16,3,0,3,1,5,0,0,20
711,1,1,4,1,1,1,11,17,3,0,3,1,5,0,0,5
712,1,1,4,1,1,1,20,13,0,0,0,12,5,0,0,13
713,1,1,4,1,1,1,4,13,1,0,3,12,5,0,0,13
714,1,2,4,1,1,1,8,17,0,0,3,12,5,0,1,1
715,1,2,4,2,1,0,10,16,1,0,3,3,5,0,1,15
716,1,2,4,1,1,1,10,13,1,0,3,3,5,1,1,9
717,1,1,4,1,1,1,13,9,3,0,3,1,5,0,0,14
718,0,0,3,2,1,1,10,13,1,0,3,12,5,0,0,8
719,1,1,3,1,1,1,10,7,3,0,3,1,5,0,0,14
720,1,1,3,1,1,1,10,18,3,0,3,1,5,0,0,14
721,1,1,4,2,1,0,14,6,3,0,3,1,5,0,0,11
722,1,1,3,2,1,0,10,6,0,0,3,1,5,0,0,11
723,0,0,4,2,1,1,10,7,3,0,3,1,5,0,0,11
724,1,1,3,1,1,1,22,23,0,0,0,1,5,0,0,7
725,0,0,4,1,1,1,10,11,0,0,3,12,0,1,1,18
726,1,2,3,1,1,0,22,6,1,0,3,12,5,1,1,18
727,1,2,4,1,1,1,12,2,0,0,3,3,5,1,1,14
728,1,2,5,2,1,0,11,16,1,0,3,3,5,0,1,17
729,0,0,3,2,1,0,18,0,3,0,3,1,5,0,0,17
730,1,1,4,1,1,0,4,6,2,0,3,12,5,0,0,12
731,1,2,3,2,1,1,11,10,0,0,3,1,5,0,1,1
732,1,1,3,1,1,0,14,6,2,0,3,1,5,0,0,7
733,1,2,4,1,1,1,10,2,0,0,3,3,5,1,1,5
734,1,2,4,1,1,1,10,14,0,0,0,3,5,1,1,7
735,1,2,6,0,1,1,10,2,0,0,3,3,5,1,1,17
736,1,1,3,0,1,1,10,9,2,0,3,12,5,0,0,1
737,1,1,2,1,1,1,18,13,2,0,3,12,5,0,0,2
738,1,1,3,1,1,1,8,2,3,0,3,1,5,0,0,12
739,1,1,3,1,1,1,18,10,3,0,3,1,5,0,0,14
740,1,2,4,1,1,1,11,10,0,0,3,3,5,1,1,14
741,1,1,2,1,1,0,4,16,1,0,3,12,1,0,0,11
742,1,1,4,1,1,1,11,2,0,0,3,3,5,0,0,4
743,0,0,3,1,1,0,14,6,1,0,3,5,5,0,0,6
744,1,2,4,1,1,1,1,20,0,0,0,3,5,1,1,8
745,1,1,3,1,1,1,11,9,1,0,3,12,5,0,0,0
746,1,1,4,1,1,1,18,13,0,0,3,12,5,0,0,13
747,1,1,4,1,1,1,8,22,0,0,3,1,4,0,0,2
748,1,1,4,1,1,1,14,9,3,0,3,1,5,0,0,10
749,1,1,3,2,1,1,9,3,0,0,3,12,5,0,0,12
750,1,1,5,1,1,1,14,9,3,0,3,1,5,0,0,17
751,1,1,4,1,1,1,12,18,3,0,3,1,5,0,0,17
752,0,0,5,0,1,1,10,13,0,0,0,5,5,0,0,7
753,0,0,4,1,1,1,4,18,3,0,3,1,5,0,0,5
754,1,2,3,2,1,1,1,20,1,0,3,12,5,0,1,1
755,1,1,5,2,1,1,9,13,0,0,3,1,5,0,0,18
756,1,1,3,2,1,0,14,16,3,0,3,1,5,0,0,2
757,1,2,3,2,1,1,10,13,0,0,3,3,5,1,1,2
758,1,2,3,2,1,1,10,9,1,0,3,3,5,1,1,18
759,0,0,3,2,1,0,17,6,2,0,3,1,5,0,0,5
760,1,1,4,1,1,1,8,21,0,0,3,1,5,0,0,19
761,1,1,2,2,1,0,14,16,1,0,3,12,5,0,0,13
762,1,1,3,1,1,0,14,16,3,0,3,1,5,1,1,18
763,1,1,3,2,1,1,22,3,0,0,3,12,1,0,0,13
764,1,2,4,1,1,1,4,2,2,0,3,12,5,1,1,18
765,1,1,4,2,1,0,14,16,2,0,3,1,5,0,0,2
766,1,1,5,2,1,1,14,7,0,0,3,1,5,0,0,2
767,1,1,3,2,1,1,20,10,0,0,3,12,1,0,0,0
768,1,2,4,1,1,1,21,7,0,0,0,3,5,0,1,6
769,1,2,4,1,1,1,18,20,0,0,3,3,5,0,1,17
770,0,0,2,2,1,0,18,6,3,0,3,1,5,0,0,17
771,0,0,5,1,1,0,12,6,1,0,3,1,5,0,0,7
772,1,1,4,2,1,0,19,16,2,0,3,1,5,0,0,11
773,1,1,5,1,1,1,14,13,3,0,3,1,5,0,0,12
774,0,0,2,1,1,1,14,8,1,0,3,12,0,0,0,11
775,1,1,4,2,1,0,24,16,1,0,0,12,1,0,0,13
776,1,1,3,1,1,1,10,9,0,0,3,12,5,0,0,13
777,1,1,3,0,1,1,17,8,2,0,3,12,1,0,0,3
778,1,1,3,1,1,1,12,1,0,0,3,12,1,0,0,3
779,1,1,4,0,1,1,17,13,3,0,3,1,5,0,0,2
780,1,2,4,1,1,1,4,10,0,0,3,12,5,1,1,16
781,1,2,5,2,1,0,18,16,1,0,3,12,5,0,1,1
782,1,2,3,1,1,0,10,16,2,0,3,3,5,1,1,5
783,0,0,3,1,1,0,10,6,1,0,0,12,0,0,0,4
784,1,1,4,1,1,1,22,11,3,0,3,1,5,0,0,5
785,1,2,4,1,1,1,1,11,0,0,3,12,5,0,1,1
786,1,2,3,1,1,1,3,10,0,0,0,3,5,1,1,10
787,0,0,4,1,1,1,3,19,0,0,0,1,5,0,0,18
788,1,1,3,1,1,1,4,7,3,0,3,1,5,0,0,7
789,1,1,4,1,1,1,12,3,1,0,3,12,1,0,0,0
790,1,1,3,2,1,0,11,6,3,0,3,1,5,0,0,5
791,1,1,4,2,1,1,1,18,3,0,3,12,5,0,0,6
792,1,2,3,2,1,0,14,6,2,0,0,0,5,0,1,15
793,0,0,3,2,1,0,4,6,2,0,3,1,5,0,0,7
794,1,1,4,1,1,1,1,9,0,0,3,12,5,0,1,1
795,1,2,4,1,1,1,9,2,0,0,3,12,5,0,1,1
796,1,1,5,2,1,1,1,13,0,0,3,12,5,0,0,2
797,1,1,4,1,1,1,14,13,0,0,0,3,3,1,1,18
798,1,1,4,0,1,1,14,4,3,0,3,1,5,0,0,7
799,1,1,4,1,1,1,14,3,3,0,3,1,5,0,0,7
800,1,1,3,0,1,1,2,3,2,0,3,12,5,0,0,0
801,0,0,3,1,1,1,14,3,2,0,3,12,0,0,0,0
802,0,0,3,1,1,0,4,0,2,0,3,12,5,0,0,0
803,1,2,2,2,1,0,13,6,2,0,3,1,5,0,1,17
804,1,2,4,1,1,0,23,6,1,0,0,6,5,1,1,21
805,1,2,5,0,1,1,10,14,1,0,3,3,5,0,1,19
806,1,1,3,1,1,1,2,14,3,0,3,1,5,0,0,19
807,1,2,4,1,1,1,10,9,1,0,0,3,5,1,1,19
808,1,1,4,1,1,1,11,10,3,0,3,1,5,0,0,2
809,1,1,4,1,1,1,14,13,0,0,0,3,3,1,1,16
810,1,1,3,2,1,0,21,6,2,0,3,12,1,0,0,3
811,1,1,4,1,1,1,8,2,1,0,3,12,5,0,0,0
812,1,1,4,1,1,1,5,2,3,0,3,12,5,0,0,7
813,1,1,3,1,1,1,17,7,0,0,3,12,5,0,0,6
814,1,1,4,1,1,1,1,4,0,0,3,12,5,0,1,1
815,1,1,3,1,1,1,1,20,0,0,3,12,1,0,1,1
816,0,0,4,2,1,1,14,9,0,0,3,12,0,0,1,1
817,1,1,3,1,1,1,18,2,1,0,3,12,1,0,1,1
818,1,1,3,1,1,1,1,19,1,0,3,12,5,0,1,1
819,1,2,4,1,1,1,10,14,0,0,3,12,5,1,1,18
820,1,1,3,1,1,0,4,0,2,0,3,12,1,0,0,0
821,1,1,6,0,1,1,14,14,3,0,3,12,5,0,0,2
822,1,1,3,2,1,0,20,16,1,0,3,12,1,0,0,13
823,1,2,4,1,1,1,2,13,1,0,3,12,5,1,1,17
824,1,2,3,1,1,0,20,0,2,0,3,12,5,0,1,1
825,1,2,4,1,1,1,11,13,0,0,3,3,5,0,1,15
826,1,2,4,1,1,1,11,2,0,0,3,3,5,1,1,18
827,1,2,4,1,1,1,11,14,1,0,3,12,5,1,1,18
828,0,0,3,1,1,1,9,19,1,0,0,12,5,0,0,4
829,1,1,4,0,1,1,1,21,3,0,3,1,5,0,0,14
830,1,2,4,1,1,1,1,21,0,0,3,3,5,0,1,17
831,1,2,3,1,1,1,1,13,0,0,3,12,5,0,1,17
832,0,0,3,2,1,0,4,0,3,0,3,12,5,0,0,19
833,1,1,3,0,1,1,17,18,2,0,3,12,5,0,0,2
834,0,0,3,1,1,1,9,11,1,0,3,12,0,0,0,7
835,1,1,4,1,1,1,4,9,0,0,3,12,1,0,0,7
836,1,1,2,2,1,0,18,16,3,0,3,12,5,0,0,5
837,1,1,6,0,1,1,14,9,3,0,3,1,5,0,0,5
838,0,0,3,1,1,0,18,6,1,0,0,12,0,0,0,4
839,1,1,4,1,1,1,10,18,1,0,3,3,1,0,0,13
840,1,1,2,2,1,0,4,6,2,0,3,12,1,0,0,13
841,1,1,4,1,1,1,10,18,1,0,3,12,1,0,0,2
842,1,1,4,1,1,1,8,13,1,0,3,12,1,0,0,13
843,1,2,4,1,1,1,13,10,0,0,0,3,5,1,1,3
844,1,2,4,1,1,1,17,15,0,0,3,12,5,0,1,1
845,1,2,4,1,1,1,10,2,1,0,3,3,5,1,1,2
846,1,1,3,2,1,1,4,11,1,0,3,12,1,0,0,4
847,0,0,2,1,1,0,18,6,2,0,3,12,0,0,0,12
848,1,1,3,1,1,1,4,7,0,0,3,12,5,0,0,2
849,1,1,3,2,1,0,4,16,1,0,3,12,1,0,0,2
850,1,1,5,1,1,1,9,2,2,0,0,12,1,0,0,6
851,1,1,4,2,1,0,9,0,3,0,3,12,5,0,0,3
852,1,1,3,2,1,1,21,8,1,0,3,12,1,0,0,3
853,1,2,4,1,1,1,11,10,0,0,0,3,5,1,1,5
854,1,1,4,1,1,1,14,3,0,0,3,12,1,0,0,1
855,1,1,4,1,1,1,22,2,3,0,3,1,5,0,0,7
856,1,1,2,2,1,0,14,16,1,0,3,12,1,0,0,13
857,1,2,3,1,1,1,10,14,0,0,3,3,5,1,1,1
858,1,1,3,1,1,1,14,17,3,0,3,5,5,0,0,13
859,1,1,4,1,1,1,14,7,3,0,3,1,5,0,0,6
860,1,1,4,1,1,1,4,9,3,0,3,1,5,0,0,11
861,0,0,3,1,1,1,11,3,3,0,3,1,5,0,0,21
862,1,1,3,1,1,1,14,9,3,0,3,1,5,0,0,11
863,1,1,4,1,1,1,14,13,0,0,0,1,1,0,0,7
864,1,1,3,1,1,0,14,6,3,0,3,5,5,0,0,1
865,1,2,4,1,1,1,20,13,0,0,0,3,5,1,1,18
866,1,2,4,1,1,1,10,13,0,0,0,3,5,1,1,18
867,1,2,4,1,1,1,10,9,0,0,0,3,5,1,1,14
868,1,2,4,1,1,1,24,10,0,0,0,3,5,1,1,14
869,1,1,4,0,1,1,18,13,3,0,3,1,5,0,0,11
870,1,1,3,1,1,1,18,4,0,0,3,1,4,0,0,2
871,1,1,4,1,1,1,8,2,1,0,3,12,1,0,0,2
872,1,1,3,1,1,1,14,7,3,0,3,1,5,0,0,12
873,1,2,4,1,1,1,10,21,1,0,3,12,5,1,1,5
874,1,1,3,1,1,1,14,9,1,0,3,12,5,0,0,2
875,1,2,4,1,1,1,8,2,0,0,3,3,5,1,1,5
876,1,2,4,1,1,1,12,9,0,0,0,12,5,1,1,2
877,1,2,4,1,1,1,3,8,0,0,0,12,5,1,1,2
878,0,0,3,2,1,0,1,6,3,0,0,1,5,0,0,5
879,1,1,4,1,1,1,22,1,1,0,0,12,1,0,0,12
880,1,1,3,2,1,1,12,14,1,0,0,12,1,0,0,12
881,1,1,3,1,1,0,3,16,2,0,3,12,5,0,0,6
882,1,1,3,1,1,0,14,6,2,0,3,5,5,0,0,6
883,1,1,2,2,1,0,13,16,2,0,3,12,5,0,0,6
884,0,0,3,2,1,0,10,0,3,0,3,1,5,0,0,2
885,1,1,3,2,1,0,9,6,2,0,3,1,5,0,0,11
886,1,1,3,2,1,0,9,16,2,0,3,1,5,0,0,11
887,1,1,4,1,1,1,21,13,0,0,3,12,1,0,0,2
888,0,0,3,1,1,0,14,6,2,0,3,12,0,0,0,12
889,1,1,3,1,1,1,18,7,3,0,3,1,5,0,0,0
890,1,1,3,2,1,1,4,11,0,0,3,12,5,0,0,12
891,1,2,4,1,1,1,10,7,0,0,3,3,5,1,1,0
892,1,1,5,1,1,1,9,3,0,0,0,12,1,0,0,6
893,1,1,4,1,1,1,20,3,0,0,0,12,1,0,0,6
894,1,1,4,2,1,0,9,16,3,0,3,1,5,0,0,19
895,1,2,4,1,1,1,23,21,1,0,3,12,5,0,1,1
896,1,1,4,1,1,1,19,2,1,0,3,12,1,0,0,2
897,1,1,3,1,1,1,19,4,2,0,3,12,1,0,0,2
898,1,1,3,2,1,0,1,16,2,0,3,12,1,0,0,1
899,0,0,3,1,1,0,18,16,3,0,3,12,5,0,0,0
900,1,1,4,1,1,1,14,1,0,0,3,12,1,0,0,12
901,1,1,3,1,1,1,10,9,1,0,3,12,5,0,0,13
902,1,2,4,1,1,1,18,17,0,0,3,12,5,0,1,17
903,1,1,3,2,1,0,8,6,2,0,3,12,1,0,0,2
904,1,2,4,1,1,1,3,13,0,0,3,12,5,1,1,20
905,1,2,3,2,1,1,21,11,0,0,0,12,5,1,1,18
906,1,2,3,1,1,1,11,13,1,0,3,3,5,1,1,9
907,0,0,4,2,1,0,1,0,2,0,3,12,0,0,0,1
908,1,2,4,1,1,1,11,3,1,0,3,3,5,1,1,18
909,1,1,4,1,1,1,20,13,1,0,3,12,1,0,0,3
910,0,0,4,1,1,1,10,13,3,0,3,1,5,0,0,11
911,1,1,4,1,1,1,10,13,0,0,3,3,3,1,1,18
912,1,2,3,2,1,1,10,13,0,0,3,3,5,1,1,18
913,1,1,4,1,1,1,21,13,0,0,3,1,3,1,1,18
914,1,1,3,2,1,0,10,16,3,0,3,1,5,0,0,11
915,1,2,4,2,1,0,11,16,0,0,3,3,5,1,1,11
916,0,0,2,1,1,0,20,6,2,0,3,12,5,0,0,11
917,0,0,3,1,1,0,3,0,2,0,3,12,5,0,0,4
918,1,1,3,1,1,1,19,8,1,0,3,12,1,0,0,6
919,0,0,3,1,1,0,9,0,3,0,3,12,5,0,0,6
920,0,0,3,2,1,0,11,6,2,0,3,12,5,0,0,4
921,1,1,3,0,1,1,2,3,2,0,3,12,1,0,0,0
922,1,1,4,1,1,1,2,13,0,0,0,12,1,0,0,18
923,1,1,3,0,1,1,4,2,3,0,3,12,5,0,0,19
924,1,2,4,1,1,1,18,2,0,0,3,12,5,0,1,19
925,1,2,4,2,1,1,11,1,0,0,0,3,5,1,1,18
926,1,1,4,2,1,1,9,22,2,0,2,12,1,0,0,4
927,1,1,5,0,1,1,9,9,2,0,0,12,1,0,0,12
928,1,2,5,1,1,1,9,15,2,0,0,12,5,1,1,9
929,1,2,5,1,1,1,9,1,2,0,0,12,5,1,1,5
930,1,2,3,2,1,0,9,6,2,0,0,12,5,1,1,8
931,1,1,3,2,1,1,9,13,2,0,0,12,1,0,0,7
932,1,1,5,1,1,1,9,15,2,0,2,12,1,0,0,3
933,1,1,5,1,1,1,13,11,0,0,0,12,4,0,0,6
934,1,2,4,2,1,1,21,13,2,0,2,12,5,1,1,11
935,1,1,5,1,1,1,14,15,2,0,2,12,1,0,0,3
936,1,2,4,2,1,1,21,11,2,0,0,12,5,0,1,16
937,1,2,5,1,1,1,14,11,2,0,0,12,5,1,1,18
938,1,1,5,1,1,1,14,12,2,0,0,12,1,0,0,12
939,0,0,3,2,1,1,10,9,0,0,2,12,5,0,0,11
940,0,0,4,1,1,1,13,23,0,0,0,12,5,0,0,3
941,0,0,4,1,1,1,13,7,0,0,0,12,5,0,0,15
942,1,1,4,2,1,1,15,11,2,0,3,12,1,0,0,6
943,1,1,5,2,1,1,18,13,2,0,2,12,1,0,0,2
944,1,2,4,1,1,1,18,2,1,0,3,12,5,0,1,1
945,1,1,5,1,1,1,12,13,0,0,0,12,5,0,0,15
946,1,1,4,1,1,1,15,9,2,0,5,12,1,0,0,6
947,1,1,3,2,1,1,18,10,0,0,3,12,4,0,0,6
948,1,2,4,2,1,0,1,6,2,0,3,2,5,1,1,18
949,1,2,5,2,1,0,1,6,2,0,2,12,5,1,1,18
950,1,2,2,2,1,0,3,6,2,0,0,2,5,1,1,18
951,1,1,2,2,1,0,3,6,3,0,3,12,5,0,0,19
952,1,1,3,0,1,1,4,14,3,0,3,12,5,0,0,19
953,1,1,2,1,1,0,4,6,3,0,3,12,5,0,0,5
954,1,2,4,1,1,1,19,1,0,0,0,12,5,1,1,14
955,1,1,3,1,1,1,19,21,0,0,3,12,5,0,0,7
956,1,2,5,2,1,0,10,6,2,0,3,2,5,1,1,18
957,1,1,4,1,1,0,10,16,2,0,3,1,5,0,0,6
958,1,2,4,2,1,0,11,6,2,0,0,12,5,1,1,6
959,1,1,3,2,1,1,20,10,0,0,3,12,1,0,0,0
960,1,2,4,1,1,1,21,22,0,0,0,12,5,1,1,14
961,1,2,4,2,1,0,21,6,2,0,0,6,5,1,1,14
962,1,2,2,1,1,0,14,0,3,0,3,12,5,0,0,2
963,1,2,3,1,1,0,14,6,2,0,0,3,5,1,1,5
964,1,1,3,1,1,0,17,16,2,0,3,12,5,0,0,13
965,1,1,4,1,1,1,24,14,0,0,0,12,3,1,1,0
966,1,1,4,1,1,1,24,18,0,0,3,12,3,1,1,14
967,1,2,5,1,1,1,2,21,2,0,3,12,5,1,1,5
968,1,1,4,1,1,1,2,9,0,0,3,12,5,0,0,3
969,1,1,4,1,1,1,21,10,0,0,3,3,3,1,1,7
970,1,2,3,2,1,0,9,6,2,0,0,12,5,1,1,16
971,1,1,3,1,1,1,9,1,2,0,0,12,1,0,0,4
972,1,2,3,3,1,0,1,6,2,0,2,12,5,1,1,18
973,1,1,5,1,1,1,9,23,0,0,3,12,4,0,0,6
974,1,2,4,0,1,1,9,21,2,0,0,12,5,0,0,14
975,1,2,4,1,1,1,9,22,2,0,0,12,5,1,1,16
976,1,1,5,1,1,1,9,10,2,0,0,12,1,0,0,2
977,1,1,3,1,1,1,9,14,2,0,0,12,1,0,0,6
978,0,0,6,2,1,0,9,0,2,0,2,12,5,0,0,12
979,1,1,4,1,1,0,9,6,2,0,0,12,1,0,0,4
980,1,1,5,2,1,1,9,11,0,0,5,12,4,0,0,6
981,1,2,5,3,1,1,9,13,2,0,2,12,5,1,1,21
982,1,2,5,1,1,1,9,11,2,0,0,12,5,1,1,18
983,1,2,6,3,1,1,9,14,2,0,0,12,5,1,1,18
984,1,2,5,2,1,1,9,11,2,0,0,12,5,1,1,18
985,1,1,4,1,1,1,9,14,2,0,0,12,1,0,0,6
986,1,2,5,0,1,1,9,10,2,0,0,12,5,1,1,14
987,1,2,3,1,1,0,12,6,2,0,0,3,5,0,1,6
988,1,2,2,2,1,0,21,6,2,0,0,12,5,0,1,13
989,1,2,3,2,1,0,14,6,2,0,0,12,5,0,1,13
990,1,1,5,1,1,1,9,9,2,0,0,12,1,0,0,12
991,1,2,4,1,1,1,9,2,2,0,0,12,5,1,1,18
992,1,2,4,2,1,0,12,6,2,0,0,3,5,1,1,14
993,1,1,4,1,1,1,9,10,2,0,0,12,1,0,0,3
994,1,1,3,1,1,1,9,24,0,0,0,12,4,0,0,6
995,1,1,5,0,1,1,21,22,0,0,5,12,4,0,0,6
996,0,0,3,1,1,1,1,15,0,0,3,12,5,0,0,7
997,0,0,3,2,1,0,1,6,3,0,3,1,5,0,0,18
998,0,0,3,1,1,0,2,0,3,0,3,12,5,0,0,20
999,1,2,4,2,1,1,8,13,0,0,3,12,5,1,1,2
1000,1,1,4,1,1,1,9,18,0,0,2,12,4,0,0,14
1001,0,0,3,1,1,1,12,9,0,0,0,12,0,0,0,18
1002,0,0,4,1,1,0,12,6,1,0,3,12,0,0,0,6
1003,0,0,3,2,1,0,20,6,3,0,3,12,5,0,0,5
1004,1,1,4,1,1,1,21,2,0,0,0,12,1,0,0,3
1005,1,1,4,0,1,1,21,23,0,0,0,12,4,0,0,12
1006,0,0,5,1,1,1,14,13,0,0,0,12,5,0,0,12
1007,1,1,5,1,1,1,15,19,0,0,0,12,4,0,0,6
1008,0,0,2,2,1,0,17,0,3,0,3,12,5,0,0,11
1009,0,0,3,1,1,1,17,12,0,0,0,12,5,0,0,7
1010,0,0,2,2,1,0,1,0,3,0,3,12,5,0,0,6
1011,0,0,3,1,1,0,4,0,3,0,3,12,5,0,0,6
1012,0,0,3,1,1,0,17,0,3,0,3,12,5,0,1,1
1013,1,1,5,1,1,1,18,12,1,0,0,12,1,0,0,11
1014,1,1,3,2,1,1,1,12,0,0,3,12,1,0,0,12
1015,1,1,3,3,1,0,23,6,2,0,0,12,3,1,1,16
1016,1,1,4,2,1,1,18,11,0,0,0,12,4,0,0,0
1017,0,0,4,2,1,0,22,6,2,0,3,12,5,0,0,6
1018,1,1,5,2,1,1,14,7,0,0,3,12,5,0,1,13
1019,1,1,5,1,1,0,18,0,0,0,3,12,5,0,1,13
1020,1,1,3,1,1,1,17,19,0,0,3,12,5,0,1,13
1021,0,0,4,2,1,1,14,9,0,0,3,12,0,0,1,13
1022,1,1,4,1,1,1,18,20,0,0,3,12,5,0,1,13
1023,0,0,3,1,1,1,14,24,0,0,3,12,5,0,1,13
1024,1,1,4,1,1,1,8,17,0,0,3,12,5,0,1,13
1025,1,1,0,0,0,0,25,25,4,0,3,1,5,0,0,2
1026,1,1,0,0,0,0,25,25,4,0,3,1,5,0,0,7
1027,1,1,0,0,0,0,25,25,4,0,3,12,5,0,0,2
1028,0,0,0,0,0,0,25,25,4,0,3,12,5,0,0,6
1029,0,0,0,0,0,0,25,25,4,0,3,1,5,0,0,5
1030,0,0,0,0,0,0,25,25,4,0,3,1,5,0,0,12
1031,1,1,0,0,0,0,25,25,4,0,3,1,5,0,0,5
1032,1,1,0,0,0,0,25,25,4,0,3,1,5,0,0,16
1033,1,1,0,0,0,0,25,25,4,0,3,2,5,0,0,5
1034,0,0,0,0,0,0,25,25,4,0,3,3,5,0,0,2
1035,1,1,0,0,0,0,25,25,4,0,3,12,5,0,0,2
1036,1,1,0,0,0,0,25,25,4,0,3,12,5,0,0,2
1037,1,1,0,0,0,0,25,25,4,0,3,12,5,0,0,6
1038,1,1,0,0,0,0,25,25,4,0,3,12,5,0,0,6
1039,1,1,0,0,0,0,25,25,4,0,3,12,5,0,0,0
1040,0,0,0,0,0,0,25,25,4,0,3,12,5,0,0,6
1041,1,1,0,0,0,0,25,25,4,0,3,12,5,0,0,0
1042,1,1,0,0,0,0,25,25,4,0,3,12,5,0,0,6
1043,1,1,0,0,0,0,25,25,4,0,3,12,5,0,0,6
1044,1,2,4,1,1,1,9,1,0,1,0,10,5,0,0,10
1045,1,2,4,2,1,0,8,6,0,1,0,10,5,0,0,7
1046,0,0,5,2,1,0,10,0,3,1,3,10,5,0,0,8
1047,0,0,5,2,1,0,10,0,3,1,0,10,5,0,0,7
1048,0,0,5,2,1,0,10,0,3,1,0,10,5,0,0,16
1049,0,0,5,2,1,0,10,0,3,1,0,10,5,0,0,18
1050,0,0,5,2,1,0,10,0,3,1,0,10,5,0,0,11
1051,0,0,5,2,1,0,11,0,3,1,3,10,5,0,0,21
1052,0,0,5,2,1,0,11,0,3,1,0,10,5,0,0,10
1053,0,0,5,2,1,0,11,0,3,1,3,10,5,0,0,17
1054,0,0,5,2,1,0,11,0,3,1,3,10,5,0,0,13
1055,0,0,5,2,1,0,11,0,3,1,0,10,5,0,0,10
1056,0,0,5,2,1,0,11,0,3,1,0,10,5,0,0,19
1057,0,0,5,2,1,0,11,0,3,1,5,10,5,0,0,5
1058,0,0,5,2,1,0,11,0,3,1,3,10,5,0,0,17
1059,0,0,5,2,1,0,2,0,3,1,3,10,5,0,0,9
1060,0,0,5,2,1,0,10,0,3,1,3,10,5,0,0,10
1061,0,0,5,2,1,0,10,0,3,1,3,10,5,0,0,20
1062,0,0,5,2,1,0,10,0,3,1,3,10,5,0,0,14
1063,0,0,4,2,1,0,21,0,3,1,0,10,5,0,0,16
1064,0,0,4,2,1,0,21,0,3,1,0,10,5,0,0,18
1065,0,0,4,2,1,0,2,0,3,1,0,10,5,0,0,18
1066,0,0,4,2,1,0,10,0,3,1,3,10,5,0,0,10
1067,0,0,4,2,1,0,10,0,3,1,3,10,5,0,0,10
1068,0,0,4,2,1,0,10,0,3,1,3,10,5,0,0,14
1069,0,0,4,2,1,0,10,0,3,1,3,10,5,0,0,18
1070,0,0,4,2,1,0,11,0,3,1,3,10,5,0,0,18
1071,0,0,4,2,1,0,13,0,3,1,3,10,5,0,0,2
1072,0,0,4,2,1,0,13,0,3,1,3,10,5,0,0,19
1073,0,0,4,2,1,0,15,0,3,1,0,10,5,0,0,16
1074,0,0,4,2,1,0,17,0,3,1,3,10,5,0,0,10
1075,1,1,3,1,1,0,10,6,3,1,3,12,5,0,0,6
1076,1,1,2,1,1,0,14,6,3,1,3,12,5,0,0,2
1077,1,1,2,2,1,0,10,6,3,1,3,12,5,0,0,0
1078,0,0,3,1,1,0,11,6,1,1,3,3,5,0,0,2
1079,0,0,4,1,1,1,8,3,3,1,3,1,5,0,0,12
1080,1,1,3,1,1,1,1,14,2,1,3,5,1,0,0,12
1081,1,1,2,1,1,1,18,2,0,1,3,1,5,0,0,12
1082,1,1,3,1,1,1,4,13,3,1,3,1,5,0,0,19
1083,1,1,3,1,1,1,4,13,1,1,3,12,5,0,1,1
1084,0,0,4,1,1,0,14,6,1,1,3,5,0,0,0,12
1085,0,0,2,0,1,1,3,13,2,1,3,12,0,0,0,2
1086,1,1,2,0,1,1,3,13,2,1,3,12,1,0,0,0
1087,1,1,4,2,1,1,10,4,3,1,3,3,5,0,0,17
1088,1,1,4,1,1,1,18,13,2,1,3,12,5,0,1,1
1089,0,0,3,1,1,0,10,6,3,1,3,9,5,0,0,2
1090,1,1,3,1,1,1,1,13,3,1,3,1,5,0,0,2
1091,1,1,2,1,1,0,8,16,2,1,3,12,5,0,1,1
1092,1,1,5,1,1,1,1,13,2,1,3,12,5,0,1,1
1093,1,1,3,0,1,1,10,2,0,1,3,12,1,0,0,7
1094,0,0,2,1,1,1,8,2,2,1,3,12,0,0,0,0
1095,1,1,4,1,1,1,1,14,2,1,3,5,1,0,0,3
1096,1,2,5,2,1,0,10,6,2,1,3,3,5,1,1,7
1097,1,2,4,2,1,0,10,6,2,1,3,3,5,1,1,7
1098,1,1,3,1,1,0,10,6,2,1,3,12,5,0,1,1
1099,1,1,3,0,1,1,20,2,0,1,3,12,5,0,1,1
1100,1,1,3,1,1,1,8,11,0,1,3,12,5,0,1,1
1101,1,1,3,1,1,0,4,0,2,1,3,12,5,0,0,13
1102,0,0,2,1,1,0,9,6,2,1,3,5,5,0,0,0
1103,1,1,3,1,1,1,18,13,2,1,3,12,1,0,0,12
1104,0,0,2,1,1,0,4,6,3,1,3,1,5,0,0,3
1105,0,0,5,0,1,1,10,14,3,1,3,12,5,0,0,20
1106,1,1,2,1,1,1,3,3,3,1,3,1,5,0,0,12
1107,0,0,2,1,1,0,11,6,3,1,3,1,5,0,0,6
1108,1,1,3,1,1,0,10,6,2,1,3,12,5,0,0,6
1109,1,1,3,1,1,0,10,6,2,1,3,12,5,0,0,6
1110,1,1,3,1,1,1,3,4,2,1,3,12,5,0,0,0
1111,1,1,4,1,1,1,3,4,0,1,3,12,1,0,0,3
1112,1,1,3,2,1,1,11,3,0,1,3,12,1,0,0,16
1113,1,1,3,0,1,1,14,4,2,1,3,12,5,1,1,18
1114,1,1,3,0,1,1,10,13,2,1,3,5,5,0,0,0
1115,1,2,2,1,1,0,14,6,2,1,3,12,5,1,1,9
1116,1,1,2,2,1,0,3,6,2,1,3,12,1,0,0,12
1117,0,0,2,1,1,0,4,6,3,1,3,1,5,0,0,0
1118,1,2,3,1,1,0,10,6,2,1,3,3,5,1,1,0
1119,0,0,3,2,1,0,3,0,3,1,3,12,5,0,0,6
1120,0,0,3,1,1,0,10,6,1,1,3,12,0,0,0,15
1121,1,1,3,1,1,0,21,6,1,1,3,12,1,0,0,13
1122,0,0,4,1,1,0,14,6,1,1,3,5,0,0,0,20
1123,1,1,5,1,1,0,1,6,2,1,3,12,5,0,0,4
1124,1,1,3,2,1,0,8,6,2,1,3,12,5,0,0,12
1125,1,1,3,1,1,0,3,6,1,1,3,12,1,0,0,12
1126,1,1,2,1,1,0,3,6,2,1,3,12,1,0,0,13
1127,0,0,3,1,1,0,10,6,3,1,3,1,5,0,0,3
1128,1,2,4,1,1,1,4,18,0,1,3,12,5,0,1,1
1129,1,1,2,1,1,0,18,6,3,1,3,12,5,0,0,0
1130,1,2,4,2,1,0,10,6,2,1,3,3,5,1,1,14
1131,1,1,2,1,1,1,3,14,2,1,3,12,5,0,1,1
1132,1,1,2,2,1,0,9,6,2,1,3,12,1,0,0,2
1133,1,2,3,2,1,0,10,6,2,1,0,3,5,1,1,14
1134,1,1,2,1,1,1,13,2,3,1,3,12,5,0,0,3
1135,0,0,2,1,1,0,20,6,3,1,3,1,5,0,0,7
1136,0,0,3,1,1,0,3,6,3,1,3,12,5,0,0,15
1137,1,2,4,0,1,1,12,13,0,1,3,12,5,0,1,1
1138,1,1,3,1,1,0,1,6,2,1,3,12,5,0,0,12
1139,1,1,2,1,1,1,10,20,2,1,3,1,5,0,0,21
1140,0,0,3,1,1,0,14,6,3,1,3,9,5,0,0,19
1141,0,0,3,1,1,0,4,6,1,1,3,12,5,0,0,4
1142,0,0,2,1,1,1,8,11,0,1,3,12,0,0,0,6
1143,0,0,3,1,1,0,3,6,1,1,3,12,0,0,0,15
1144,0,0,3,1,1,0,10,6,3,1,3,12,5,0,0,1
1145,1,1,3,2,1,0,18,6,2,1,3,12,5,0,1,1
1146,0,0,2,1,1,0,4,6,3,1,3,1,5,0,0,3
1147,0,0,2,1,1,0,4,6,3,1,3,12,5,0,1,1
1148,1,1,2,2,1,0,2,6,3,1,3,12,5,0,0,17
1149,1,1,2,0,1,1,14,10,2,1,0,12,5,0,0,7
1150,1,1,3,1,1,0,10,6,2,1,3,12,5,1,1,18
1151,1,2,2,2,1,0,19,6,2,1,3,2,5,1,1,18
1152,1,2,3,2,1,1,4,9,0,1,3,12,5,1,1,9
1153,0,0,3,1,1,0,3,6,2,1,3,12,5,0,0,2
1154,1,1,3,1,1,0,3,6,1,1,3,12,1,0,0,2
1155,1,1,2,0,1,1,24,14,2,1,3,12,5,0,0,2
1156,1,1,3,2,1,0,1,16,2,1,3,12,1,0,0,3
1157,0,0,3,1,1,0,3,6,3,1,3,9,5,0,0,0
1158,0,0,3,1,1,1,2,9,1,1,3,12,5,0,0,2
1159,1,2,4,1,1,1,4,11,0,1,3,12,5,1,1,5
1160,1,1,2,0,1,1,9,10,2,1,3,12,5,0,0,2
1161,0,0,4,1,1,0,3,6,3,1,3,12,5,0,0,6
1162,0,0,4,1,1,1,10,22,0,1,3,12,5,0,0,13
1163,1,1,2,0,1,1,11,8,2,1,3,12,5,0,0,4
1164,1,1,3,1,1,1,3,9,0,1,3,12,4,0,0,6
1165,1,1,2,1,1,0,3,6,3,1,3,12,5,0,0,0
1166,1,1,2,2,1,0,11,6,2,1,3,1,5,0,0,19
1167,1,1,2,1,1,0,18,6,2,1,3,12,5,0,0,7
1168,0,0,2,1,1,0,3,16,2,1,3,12,0,0,0,4
1169,1,1,3,2,1,1,21,10,0,1,3,12,1,0,0,4
1170,1,1,3,0,1,1,4,18,2,1,3,12,1,0,0,15
1171,1,1,3,1,1,0,4,6,1,1,3,12,1,0,0,4
1172,0,0,3,1,1,1,10,9,0,1,3,12,0,0,0,2
1173,1,2,3,1,1,0,10,6,1,1,3,9,5,1,1,2
1174,1,1,2,1,1,1,14,2,3,1,3,1,5,0,0,5
1175,1,1,4,0,1,1,11,2,1,1,3,12,5,0,0,2
1176,1,1,3,0,1,1,20,13,2,1,3,12,5,0,0,13
1177,0,0,4,0,1,1,4,9,1,1,3,12,5,0,0,2
1178,1,1,3,2,1,1,10,4,3,1,3,12,5,0,0,7
1179,1,1,6,0,1,1,3,13,1,1,3,12,5,0,0,3
1180,1,1,3,1,1,1,1,14,2,1,0,12,5,0,1,16
1181,1,1,3,2,1,0,4,6,2,1,3,12,5,0,1,1
1182,1,2,4,1,1,1,20,10,2,1,3,12,5,0,1,1
1183,1,1,2,2,1,0,13,6,2,1,3,1,5,0,0,6
1184,1,1,4,0,1,1,19,9,1,1,3,12,1,0,0,4
1185,1,1,3,2,1,0,22,6,2,1,3,12,5,0,0,13
1186,1,1,3,1,1,0,2,6,3,1,3,12,5,0,0,12
1187,1,1,4,1,1,0,3,6,1,1,3,12,1,0,0,12
1188,0,0,3,0,1,1,10,9,1,1,3,5,5,0,0,2
1189,1,1,3,1,1,1,4,4,0,1,3,12,5,0,0,13
1190,1,1,3,0,1,1,8,13,3,1,3,12,5,0,0,12
1191,0,0,3,1,1,0,21,6,1,1,3,12,0,0,0,13
1192,0,0,3,1,1,0,11,6,1,1,3,12,0,0,0,13
1193,1,1,2,2,1,0,11,6,2,1,3,3,5,1,1,21
1194,1,1,3,1,1,0,1,6,2,1,3,12,1,0,0,2
1195,1,1,3,1,1,1,13,4,2,1,3,12,5,0,0,13
1196,1,1,2,1,1,1,17,18,3,1,3,1,5,0,0,15
1197,0,0,2,2,1,0,17,6,3,1,3,1,5,0,0,18
1198,1,1,3,2,1,0,22,6,2,1,3,12,5,0,0,13
1199,1,1,3,1,1,1,10,9,0,1,3,12,5,0,0,2
1200,0,0,3,1,1,0,20,6,2,1,3,1,5,1,1,5
1201,1,1,3,0,1,1,2,13,3,1,3,3,5,1,1,9
1202,1,2,3,1,1,1,10,13,0,1,3,3,5,1,1,18
1203,1,1,2,1,1,0,18,6,3,1,3,1,5,0,0,17
1204,0,0,3,1,1,1,10,9,0,1,3,12,5,0,0,6
1205,0,0,2,1,1,1,21,21,0,1,3,12,5,0,0,6
1206,0,0,3,2,1,0,18,0,3,1,3,12,5,0,0,2
1207,1,1,3,1,1,1,2,10,3,1,3,12,5,0,0,20
1208,1,1,3,2,1,0,3,6,3,1,0,12,5,0,0,10
1209,1,2,3,1,1,0,4,6,2,1,3,12,5,1,1,18
1210,1,1,4,2,1,1,10,14,0,1,3,12,5,0,0,20
1211,0,0,3,2,1,0,3,6,3,1,3,12,5,0,0,6
1212,0,0,4,2,1,0,10,0,2,1,0,12,5,0,0,16
1213,0,0,3,2,1,0,18,6,2,1,3,12,5,0,0,6
1214,0,0,4,0,1,1,10,2,0,1,3,12,5,0,1,13
1215,1,1,4,1,1,0,14,6,1,1,3,12,5,0,1,13
1216,0,0,5,0,1,1,9,18,3,2,0,12,5,0,0,5
1217,0,0,4,1,1,0,9,0,3,2,1,12,5,0,0,17
1218,1,1,5,1,1,1,9,11,3,2,1,12,5,0,0,12
1219,1,1,3,1,1,1,9,10,3,2,1,12,5,0,0,11
1220,1,1,4,2,1,1,2,8,3,2,3,12,5,0,1,1
1221,0,0,3,1,0,1,0,13,3,2,3,12,5,0,0,2
1222,1,1,3,2,0,1,0,7,3,2,3,1,4,0,0,0
1223,0,0,1,2,0,0,0,0,3,2,3,12,5,0,0,7
1224,0,0,2,2,0,1,0,17,3,2,3,12,5,0,0,2
1225,1,1,4,3,1,1,10,11,5,2,3,12,5,1,1,0
1226,1,1,3,1,0,1,0,2,3,2,3,12,5,0,0,19
1227,1,1,4,2,0,1,0,9,0,2,3,12,1,0,0,3
1228,1,1,3,2,0,1,16,3,0,2,3,12,5,0,0,2
1229,0,0,3,2,0,1,16,10,0,2,3,12,0,0,0,12
1230,1,1,2,2,0,1,0,7,3,2,3,12,5,0,0,13
1231,0,0,6,0,1,1,9,13,3,2,0,12,5,0,0,0
1232,0,0,3,2,0,1,16,10,0,2,3,11,0,0,0,12
1233,1,1,3,2,0,1,0,4,0,2,3,1,4,0,0,12
1234,1,1,3,2,0,1,0,9,0,2,3,1,1,0,0,12
1235,0,0,2,2,0,0,6,6,3,2,3,1,5,0,0,12
1236,0,0,3,1,1,0,9,6,3,2,3,1,5,0,0,2
1237,1,1,3,2,0,1,0,3,3,2,3,1,5,0,0,12
1238,0,0,3,2,0,0,16,0,3,2,3,1,5,0,0,19
1239,0,0,3,2,0,0,0,0,3,2,3,1,5,0,0,19
1240,0,0,2,2,0,0,6,6,3,2,3,1,5,0,0,19
1241,1,1,3,2,0,1,0,7,3,2,3,1,5,0,0,11
1242,1,1,3,2,0,1,0,14,3,2,3,1,5,0,0,18
1243,0,0,4,2,0,0,6,6,3,2,3,7,5,0,0,17
1244,1,1,3,2,0,1,0,18,1,2,0,12,4,0,0,6
1245,0,0,5,3,0,0,6,0,3,2,3,1,5,0,0,18
1246,0,0,2,2,0,0,0,6,3,2,3,7,5,0,0,5
1247,1,1,4,2,1,1,19,11,3,2,0,12,5,0,0,5
1248,0,0,4,0,1,1,9,13,3,2,0,12,5,0,0,7
1249,1,1,2,2,0,0,0,0,2,2,3,12,5,0,0,2
1250,1,1,4,1,1,1,9,19,3,2,1,12,5,0,0,7
1251,1,1,3,2,0,1,0,7,3,2,3,1,5,0,0,18
1252,1,1,3,2,0,1,0,1,0,2,0,12,3,1,1,18
1253,1,1,3,2,0,1,0,4,3,2,3,12,5,0,0,0
1254,0,0,4,2,0,0,16,0,3,2,0,1,5,0,0,18
1255,1,1,4,0,1,1,9,3,3,2,0,12,5,0,0,11
1256,0,0,3,2,0,1,0,14,0,2,3,5,5,0,0,12
1257,0,0,2,2,0,1,0,7,0,2,3,12,5,0,0,12
1258,1,1,3,2,0,1,0,14,3,2,3,1,5,0,0,17
1259,1,1,3,2,0,1,16,14,0,2,3,11,1,0,0,12
1260,1,1,2,2,0,1,0,13,2,2,3,12,1,0,0,2
1261,1,2,3,2,0,1,16,9,0,2,3,3,5,1,1,17
1262,1,1,2,1,0,1,6,2,0,2,3,12,5,0,0,0
1263,0,0,3,1,0,1,6,14,1,2,3,1,5,0,0,2
1264,1,1,3,2,0,1,0,14,0,2,3,1,4,0,0,2
1265,0,0,1,2,0,0,0,0,3,2,3,12,5,0,0,19
1266,1,1,1,1,0,1,6,13,2,2,3,12,5,0,0,19
1267,1,2,2,2,0,1,0,2,0,2,3,12,5,0,1,1
1268,1,1,1,2,0,0,6,6,2,2,3,12,2,0,0,2
1269,0,0,3,2,0,1,0,20,0,2,3,12,0,0,0,13
1270,1,1,2,2,0,1,6,9,2,2,3,12,1,0,0,2
1271,0,0,3,2,0,1,0,13,3,2,3,12,5,0,0,17
1272,0,0,4,3,0,1,0,7,3,2,3,12,5,0,0,17
1273,1,1,2,2,0,1,16,11,2,2,3,12,1,0,0,0
1274,0,0,3,1,0,1,0,14,1,2,3,12,5,0,0,3
1275,1,1,2,1,0,1,6,2,3,2,3,12,5,0,0,12
1276,1,2,3,1,0,1,16,11,2,2,3,12,5,0,1,1
1277,0,0,2,2,0,0,6,6,3,2,3,9,5,0,0,17
1278,1,1,2,1,0,1,6,13,2,2,3,12,5,0,0,13
1279,1,1,2,2,0,1,16,13,0,2,3,12,5,0,0,7
1280,1,1,2,2,0,1,0,18,3,2,3,12,5,0,1,1
1281,1,1,3,2,0,0,0,0,2,2,3,12,1,0,0,17
1282,1,1,4,2,1,1,10,14,3,2,3,12,5,0,0,1
1283,1,1,3,2,0,1,0,14,2,2,3,12,5,0,1,1
1284,1,1,3,2,0,1,0,13,3,2,3,12,5,0,0,2
1285,1,1,3,1,1,0,1,6,1,2,5,12,5,0,0,5
1286,1,2,2,2,0,0,0,6,2,2,3,12,5,0,1,1
1287,1,2,3,2,0,1,16,7,0,2,3,12,5,0,1,1
1288,1,1,5,1,1,1,1,22,5,2,3,12,5,0,1,1
1289,1,1,1,2,0,0,0,0,2,2,3,12,5,0,0,19
1290,0,0,3,2,0,1,0,7,0,2,3,12,0,0,0,0
1291,1,1,1,1,0,1,16,9,2,2,3,12,5,0,0,2
1292,0,0,4,0,1,1,9,13,3,2,0,12,5,0,0,18
1293,0,0,2,2,0,0,16,16,2,2,3,1,5,0,0,2
1294,1,1,0,0,0,0,25,25,4,2,3,1,5,0,0,2
1295,0,0,6,2,1,0,15,0,3,2,1,12,5,0,0,5
1296,0,0,1,2,0,0,0,0,2,2,3,12,5,0,0,13
1297,1,1,3,2,0,1,0,13,0,2,3,12,1,0,0,13
1298,0,0,4,1,1,1,9,10,3,2,0,12,5,0,0,10
1299,1,1,4,1,1,1,9,1,1,2,1,12,5,0,0,14
1300,0,0,3,2,0,0,0,0,3,2,3,1,5,0,0,10
1301,1,1,3,1,1,0,9,6,3,2,1,12,5,0,0,12
1302,1,1,2,2,0,1,16,17,0,2,3,12,5,0,0,15
1303,1,1,2,1,0,1,6,8,2,2,3,12,1,0,0,2
1304,0,0,3,2,0,0,0,6,3,2,3,1,5,0,0,17
1305,1,1,3,2,0,1,0,7,0,2,3,1,1,0,0,12
1306,0,0,3,2,0,0,0,0,3,2,3,1,5,0,0,11
1307,0,0,2,3,0,0,6,0,3,2,3,1,5,0,0,11
1308,1,2,3,2,0,1,0,17,0,2,3,12,5,1,1,9
1309,0,0,2,3,0,0,0,6,3,2,3,1,5,0,0,4
1310,1,1,5,2,1,1,1,18,5,2,3,12,5,1,1,5
1311,1,1,2,1,0,1,0,9,2,2,3,12,5,0,0,2
1312,1,1,2,2,0,1,0,14,0,2,3,12,1,0,0,6
1313,1,1,3,2,1,0,20,16,3,2,3,1,5,0,0,5
1314,1,1,2,1,0,1,0,14,2,2,3,12,1,0,0,2
1315,1,1,3,1,1,0,13,0,3,2,3,12,5,0,0,0
1316,1,1,2,2,0,1,16,3,3,2,3,1,5,0,0,0
1317,1,1,2,2,0,1,16,18,3,2,3,1,5,0,0,11
1318,1,1,3,2,0,1,16,4,0,2,3,12,1,0,0,13
1319,1,1,2,2,1,0,1,6,3,2,5,12,5,0,1,1
1320,1,1,0,0,0,0,25,25,4,2,3,1,5,0,0,7
1321,0,0,1,2,0,0,0,6,3,2,3,1,5,0,0,18
1322,0,0,2,2,0,0,6,6,3,2,3,1,5,0,0,14
1323,0,0,5,2,1,0,15,0,3,2,5,12,5,0,0,6
1324,1,1,3,2,0,1,0,11,3,2,3,1,5,0,0,2
1325,0,0,4,3,0,1,0,9,3,2,3,12,5,0,0,17
1326,1,2,2,2,0,0,0,0,0,2,3,7,5,0,0,7
1327,1,1,3,2,0,1,0,2,0,2,3,12,5,0,1,1
1328,0,0,4,2,0,1,0,7,3,2,3,12,5,0,0,5
1329,0,0,3,2,0,0,6,6,3,2,3,9,5,0,0,12
1330,1,1,2,2,0,1,16,10,3,2,3,1,5,0,0,0
1331,0,0,4,1,1,1,9,1,3,2,0,12,5,0,1,1
1332,0,0,3,2,0,1,16,4,3,2,3,8,5,0,0,19
1333,0,0,3,2,0,1,0,7,3,2,3,8,5,0,0,2
1334,0,0,3,2,0,0,16,0,3,2,3,1,5,0,0,3
1335,0,0,3,2,0,1,0,18,0,2,3,12,5,0,0,19
1336,0,0,6,1,0,1,0,13,0,2,0,5,5,0,0,16
1337,1,2,3,2,0,1,0,11,0,2,3,12,5,1,1,9
1338,0,0,4,2,0,1,0,18,3,2,3,8,5,0,0,6
1339,1,1,3,3,0,0,0,16,3,2,3,8,5,0,0,2
1340,1,2,3,2,0,1,16,7,0,2,3,8,5,1,1,15
1341,1,1,2,2,0,1,6,13,2,2,3,12,1,0,0,2
1342,1,1,4,0,1,1,13,4,1,2,3,12,5,0,0,13
1343,1,1,0,0,0,0,25,25,4,2,3,12,5,0,0,11
1344,1,1,5,2,1,0,1,0,5,2,3,12,5,0,1,1
1345,0,0,1,2,0,0,6,6,2,2,3,12,5,0,0,13
1346,0,0,3,3,0,0,6,6,3,2,3,8,5,0,0,11
1347,0,0,4,1,0,1,16,10,3,2,3,12,5,0,0,4
1348,1,1,2,2,0,0,6,6,2,2,3,12,1,0,0,13
1349,0,0,4,1,1,1,2,21,3,2,1,1,5,0,0,5
1350,1,1,3,2,0,1,0,2,3,2,3,1,5,0,0,12
1351,0,0,4,1,1,1,13,7,3,2,3,1,5,0,0,5
1352,0,0,4,0,1,1,9,10,3,2,0,12,5,0,0,13
1353,0,0,3,2,0,0,16,0,3,2,3,1,5,0,0,4
1354,0,0,3,2,0,0,16,0,3,2,3,1,5,0,0,4
1355,0,0,2,2,0,1,0,13,0,2,3,12,0,0,0,0
1356,0,0,2,2,0,0,6,6,3,2,3,1,5,0,0,3
1357,0,0,0,0,0,0,25,25,4,2,3,6,5,1,1,11
1358,1,1,3,2,0,1,16,2,3,2,3,11,5,0,0,20
1359,0,0,2,3,0,0,6,0,3,2,3,12,5,0,0,20
1360,1,1,2,2,0,1,0,3,2,2,3,12,5,0,0,13
1361,0,0,1,2,0,0,0,0,2,2,3,12,5,0,0,2
1362,1,1,2,2,0,1,0,10,2,2,3,12,5,0,0,0
1363,0,0,2,2,0,1,0,11,0,2,3,12,5,0,0,13
1364,1,1,2,2,0,1,0,2,1,2,3,12,1,0,0,12
1365,0,0,2,1,0,1,0,13,1,2,3,12,5,0,0,6
1366,0,0,2,2,0,0,16,6,2,2,3,12,0,0,1,1
1367,0,0,2,2,0,0,6,6,3,2,3,9,5,0,0,12
1368,1,1,2,2,0,0,6,6,2,2,3,12,5,0,0,3
1369,1,1,3,2,0,0,6,6,2,2,3,12,5,0,0,19
1370,1,1,3,2,0,1,0,14,3,2,3,1,5,0,0,6
1371,1,1,2,2,0,0,6,6,1,2,3,5,1,0,0,3
1372,0,0,3,2,0,1,16,3,0,2,3,11,5,0,0,6
1373,0,0,2,2,0,1,6,3,3,2,3,1,5,0,0,21
1374,1,1,2,2,0,1,0,3,3,2,3,1,5,0,0,21
1375,1,1,2,2,0,1,0,13,3,2,3,12,5,0,0,13
1376,0,0,3,2,0,1,0,7,0,2,3,12,5,0,0,2
1377,0,0,3,2,0,1,16,10,0,2,3,12,0,0,0,15
1378,1,1,2,2,0,0,0,0,2,2,3,12,1,0,0,0
1379,1,1,0,0,0,0,25,25,4,2,3,12,5,0,0,6
1380,0,0,3,2,0,1,0,15,3,2,3,12,5,0,0,6
1381,1,1,5,2,1,0,5,16,5,2,5,12,5,1,1,9
1382,0,0,2,3,0,0,6,6,2,2,3,12,0,0,0,15
1383,0,0,2,2,1,0,3,0,2,2,3,12,0,0,0,0
1384,0,0,3,2,0,1,0,13,3,2,3,12,5,0,0,15
1385,0,0,2,2,0,0,6,6,3,2,3,9,5,0,0,15
1386,1,1,1,2,0,0,0,0,2,2,3,12,5,0,1,1
1387,0,0,3,1,0,1,16,20,3,2,3,1,5,0,0,18
1388,0,0,3,2,0,1,0,13,3,2,3,1,5,0,0,10
1389,0,0,2,1,0,1,0,2,1,2,3,12,0,0,0,12
1390,0,0,3,2,0,1,0,7,0,2,3,1,5,0,0,19
1391,1,1,5,1,1,1,1,2,5,2,3,12,5,0,1,1
1392,0,0,2,3,0,0,0,6,3,2,3,1,5,0,0,18
1393,0,0,3,1,0,1,0,14,3,2,3,12,5,0,0,20
1394,1,1,2,2,0,1,0,21,1,2,3,12,5,0,1,1
1395,1,1,4,1,1,0,5,0,5,2,3,12,5,1,1,16
1396,1,1,6,2,1,1,1,11,5,2,3,12,5,1,1,16
1397,1,1,9,2,1,1,10,15,5,2,3,12,5,1,1,18
1398,1,1,0,0,0,0,25,25,4,2,3,1,5,0,0,7
1399,1,1,3,2,1,1,9,13,0,2,0,12,1,0,0,7
1400,0,0,3,3,0,0,6,6,3,2,3,1,5,0,0,15
1401,0,0,4,1,1,1,21,13,3,2,1,1,5,0,0,10
1402,1,1,4,2,1,1,9,10,3,2,1,12,5,0,0,16
1403,0,0,4,3,1,0,9,0,3,2,0,1,5,0,0,5
1404,1,1,4,2,1,1,14,20,3,2,3,13,5,0,0,2
1405,0,0,3,2,0,1,0,7,0,2,3,1,5,0,0,7
1406,1,1,4,1,1,1,13,12,3,2,0,12,5,0,0,5
1407,1,1,2,1,0,1,0,14,2,2,3,12,5,0,0,20
1408,1,2,2,2,0,1,16,7,0,2,3,12,5,1,1,18
1409,0,0,3,2,0,0,0,0,3,2,3,1,5,0,0,0
1410,0,0,5,1,1,1,9,15,3,2,0,12,5,0,0,5
1411,1,1,3,2,0,1,0,13,0,2,3,12,1,0,0,12
1412,1,1,2,1,0,1,6,14,2,2,3,12,1,0,0,7
1413,0,0,2,2,0,0,16,16,3,2,3,12,5,0,0,15
1414,1,1,3,2,0,1,0,2,3,2,3,13,5,0,1,1
1415,1,1,2,2,0,1,16,20,3,2,3,12,5,0,0,2
1416,1,1,1,2,0,0,16,16,3,2,3,12,5,0,0,3
1417,1,1,3,2,0,1,0,13,0,2,3,12,1,0,0,2
1418,1,1,3,2,0,1,0,14,0,2,3,1,1,0,0,12
1419,1,2,3,1,1,1,17,9,2,2,3,12,5,0,1,1
1420,1,2,2,1,0,1,6,10,2,2,3,12,5,0,1,1
1421,1,1,3,1,1,0,9,6,3,2,0,12,5,0,0,14
1422,0,0,3,2,0,1,0,7,3,2,3,1,5,0,0,15
1423,0,0,2,2,0,1,16,17,0,2,3,1,5,0,0,17
1424,0,0,2,2,0,1,6,17,0,2,3,1,5,0,0,17
1425,0,0,2,2,0,1,0,20,3,2,3,1,5,0,0,21
1426,1,1,2,2,0,0,0,0,2,2,3,12,5,0,0,2
1427,0,0,3,2,0,0,6,6,3,2,3,12,5,0,0,2
1428,1,2,3,1,1,1,17,21,5,2,3,12,5,1,1,5
1429,1,1,3,1,0,1,0,10,2,2,3,12,5,1,1,9
1430,0,0,0,0,0,0,25,25,4,2,3,12,5,0,0,5
1431,0,0,5,1,1,1,9,13,3,2,0,1,5,0,0,5
1432,0,0,3,2,0,0,0,0,3,2,3,1,5,0,0,1
1433,0,0,2,2,0,0,6,0,3,2,3,12,5,0,0,7
1434,0,0,3,2,0,0,6,6,3,2,3,12,5,0,0,6
1435,0,0,3,1,0,1,0,11,3,2,3,12,5,0,0,6
1436,1,1,2,1,0,1,6,2,2,2,3,12,5,0,0,15
1437,1,1,3,2,0,1,0,13,2,2,3,12,5,0,0,20
1438,1,1,4,2,1,1,10,11,5,2,5,12,5,1,1,5
1439,1,1,4,0,1,1,15,18,3,2,3,12,5,0,0,5
1440,1,1,3,2,0,1,16,21,0,2,3,11,1,0,0,6
1441,1,1,3,2,0,1,16,1,0,2,3,12,5,0,0,0
1442,1,1,1,2,0,0,6,6,2,2,3,12,1,0,0,1
1443,1,1,2,2,0,1,16,2,0,2,3,12,5,0,1,1
1444,1,1,3,1,1,1,17,9,3,2,3,12,5,0,1,1
1445,1,1,3,3,1,0,17,0,5,2,3,12,5,0,1,1
1446,0,0,1,2,0,0,16,16,3,2,3,1,5,0,0,15
1447,0,0,2,3,0,0,0,6,3,2,3,1,5,0,0,2
1448,0,0,2,2,0,1,0,17,0,2,3,12,0,0,0,11
1449,1,1,4,2,1,1,24,14,5,2,3,12,5,1,1,5
1450,0,0,4,2,0,1,0,14,0,2,3,1,5,0,0,19
1451,1,1,2,2,0,1,0,2,2,2,3,12,5,0,0,2
1452,1,1,3,2,0,1,16,13,0,2,3,11,5,1,1,9
1453,1,1,1,1,0,1,6,2,2,2,3,12,5,0,0,20
1454,1,1,2,2,0,1,0,17,0,2,3,5,5,0,0,17
1455,0,0,0,0,0,0,25,25,4,2,3,12,5,0,0,17
1456,1,1,1,2,0,0,0,16,3,2,3,12,5,0,0,17
1457,0,0,1,1,0,1,6,15,2,2,3,12,5,0,0,2
1458,1,1,3,1,0,1,6,13,2,2,3,12,5,0,0,2
1459,1,1,2,1,0,1,16,20,3,2,3,12,5,0,0,12
1460,1,1,2,1,0,1,6,2,2,2,3,12,5,0,0,2
1461,1,1,4,1,1,1,9,13,3,2,1,12,5,0,0,5
1462,1,1,3,1,1,1,9,9,3,2,1,12,5,0,0,18
1463,1,1,3,2,0,1,0,10,3,2,3,1,5,0,0,3
1464,1,1,4,2,0,1,0,2,0,2,3,12,1,0,0,12
1465,0,0,4,2,0,0,0,16,3,2,3,12,5,0,0,6
1466,1,1,2,2,0,0,0,0,0,2,3,12,5,0,0,2
1467,0,0,3,2,0,1,0,9,0,2,3,12,0,0,0,14
1468,1,1,3,2,0,1,0,17,0,2,3,12,1,0,0,14
1469,1,1,5,2,1,0,3,16,5,2,3,12,5,0,0,1
1470,0,0,2,2,0,0,16,16,3,2,3,1,5,0,0,17
1471,0,0,2,2,0,0,6,6,3,2,3,1,5,0,0,18
1472,1,1,3,1,0,1,6,9,2,2,3,5,5,0,0,2
1473,0,0,3,2,0,1,6,13,3,2,3,12,5,0,0,6
1474,1,1,3,2,0,1,6,21,2,2,3,12,1,0,0,4
1475,1,1,3,1,0,1,6,21,2,2,3,12,1,0,0,6
1476,0,0,4,2,0,1,0,13,0,2,3,1,0,0,0,13
1477,1,1,2,2,0,0,0,6,3,2,3,12,5,0,0,5
1478,1,1,5,2,1,1,1,11,5,2,3,12,5,1,1,18
1479,1,2,3,2,0,1,16,24,0,2,3,11,5,1,1,5
1480,1,1,4,1,1,1,9,13,3,2,0,12,5,0,0,6
1481,0,0,2,2,0,0,0,0,3,2,3,12,5,0,0,5
1482,1,1,3,2,0,1,0,11,1,2,3,12,1,0,0,13
1483,1,1,2,2,0,1,16,8,3,2,3,1,5,0,0,12
1484,1,1,2,2,0,1,0,13,2,2,3,12,5,0,0,12
1485,0,0,2,2,0,1,0,14,1,2,3,12,5,0,0,0
1486,1,1,6,2,1,1,1,11,5,2,3,12,5,0,0,2
1487,0,0,4,0,1,1,9,13,3,2,0,12,5,0,0,5
1488,0,0,1,2,0,0,16,16,3,2,3,1,5,0,0,0
1489,1,1,3,1,1,1,9,1,1,2,1,12,5,0,0,3
1490,0,0,3,2,0,1,16,18,0,2,3,1,5,0,0,12
1491,1,1,3,2,0,1,16,18,0,2,3,1,1,0,0,12
1492,1,1,3,1,0,1,6,9,2,2,3,12,5,0,0,2
1493,0,0,2,2,0,1,0,21,1,2,3,12,5,0,1,1
1494,0,0,3,2,0,1,0,13,1,2,3,12,0,0,0,4
1495,0,0,3,3,0,0,0,6,3,2,0,1,5,0,0,16
1496,1,1,4,2,0,1,0,18,1,2,3,1,1,0,0,14
1497,1,1,2,2,0,1,0,4,3,2,3,12,5,0,0,14
1498,0,0,2,2,0,0,0,16,3,2,3,1,5,0,0,19
1499,1,1,3,2,0,1,0,17,1,2,3,13,5,1,1,9
1500,1,1,2,2,0,1,16,14,3,2,3,1,5,0,0,2
1501,1,1,3,2,1,0,22,0,5,2,3,12,5,1,1,18
1502,0,0,2,2,0,0,16,16,3,2,3,1,5,0,0,17
1503,1,1,3,2,0,1,0,10,3,2,3,1,5,0,0,12
1504,1,1,1,2,0,0,0,16,1,2,3,12,1,0,0,4
1505,0,0,4,2,1,1,15,15,3,2,3,1,5,0,0,17
1506,1,1,4,2,1,1,10,14,5,2,3,3,5,1,1,2
1507,1,1,4,0,1,1,18,2,3,2,5,1,5,0,0,5
1508,1,1,2,2,0,1,0,9,3,2,3,12,5,0,0,6
1509,1,1,1,2,0,0,6,6,3,2,3,12,5,0,0,2
1510,1,2,2,2,0,1,0,14,0,2,3,12,5,0,0,12
1511,1,1,3,2,0,1,0,14,3,2,3,1,5,0,0,20
1512,1,1,3,2,0,1,0,2,3,2,3,1,5,0,0,19
1513,0,0,2,1,0,1,6,10,1,2,3,12,5,0,0,6
1514,1,1,2,2,0,0,16,6,2,2,3,1,5,0,0,6
1515,0,0,0,0,0,0,25,25,4,2,1,12,5,0,0,5
1516,0,0,3,2,0,1,16,4,3,2,3,1,5,0,0,6
1517,0,0,2,2,0,1,0,11,3,2,3,1,5,0,0,18
1518,0,0,3,2,0,1,0,14,3,2,3,1,5,0,0,5
1519,0,0,2,2,0,0,0,0,3,2,3,1,5,0,0,5
1520,1,1,3,1,1,0,21,0,3,2,1,12,5,0,0,6
1521,0,0,2,2,0,1,0,4,3,2,3,12,5,0,0,12
1522,0,0,3,1,0,1,6,13,1,2,3,12,5,0,0,12
1523,1,1,3,2,0,1,16,7,0,2,3,12,1,0,0,3
1524,1,2,2,1,0,1,6,3,2,2,3,12,5,0,1,1
1525,1,2,3,3,0,1,0,11,3,2,0,1,5,0,0,5
1526,0,0,3,2,0,0,0,0,3,2,3,1,5,0,0,11
1527,0,0,3,2,0,0,16,0,3,2,3,1,5,0,0,10
1528,1,1,5,2,1,1,21,15,3,2,3,12,5,0,0,18
1529,1,1,1,2,0,0,0,0,2,2,3,12,5,0,0,12
1530,0,0,1,2,0,0,16,16,3,2,3,1,5,0,0,13
1531,0,0,2,2,0,1,0,13,3,2,3,1,5,0,0,13
1532,0,0,2,1,0,1,6,11,3,2,3,12,5,0,0,6
1533,0,0,2,2,0,1,0,8,3,2,3,12,5,0,0,1
1534,1,1,2,2,0,1,0,2,0,2,3,12,5,0,0,12
1535,0,0,2,2,0,1,0,8,3,2,3,12,5,0,0,13
1536,1,1,2,1,0,1,6,14,3,2,3,12,5,0,0,2
1537,0,0,2,2,0,1,6,17,3,2,3,12,5,0,0,0
1538,1,1,0,0,0,0,25,25,4,2,3,12,5,0,0,7
1539,1,1,5,2,1,1,17,11,5,2,3,12,5,0,1,1
1540,1,1,2,2,0,1,16,20,3,2,3,1,5,0,0,11
1541,1,1,4,2,0,1,0,3,2,2,3,12,5,0,0,6
1542,0,0,0,0,0,0,25,25,4,2,3,12,5,0,0,2
1543,1,2,4,2,0,1,0,14,5,2,3,3,5,1,1,5
1544,0,0,3,2,0,0,16,0,3,2,3,1,5,0,0,12
1545,0,0,4,2,0,1,6,11,3,2,3,1,5,0,0,13
1546,1,1,3,2,0,1,0,9,3,2,3,1,5,0,0,19
1547,0,0,2,2,0,0,6,6,3,2,3,12,5,0,0,19
1548,1,1,4,0,1,1,13,10,1,2,0,12,5,0,0,3
1549,1,1,3,2,0,1,0,2,3,2,3,12,5,0,0,2
1550,1,1,3,1,1,1,9,3,3,2,3,12,5,0,0,0
1551,1,1,2,2,0,1,0,9,2,2,3,12,5,0,0,13
1552,1,1,2,1,0,1,6,3,2,2,3,12,5,0,0,2
1553,1,1,2,2,0,1,0,7,3,2,3,12,5,0,0,6
1554,1,1,2,2,0,0,16,16,3,2,3,12,5,0,0,17
1555,1,1,3,2,0,1,0,7,3,2,3,1,5,0,0,7
1556,1,1,4,2,1,1,15,15,3,2,3,12,5,0,0,3
1557,1,1,2,2,0,1,0,14,3,2,3,1,5,0,0,1
1558,1,2,5,2,1,0,1,0,5,2,3,12,5,0,1,1
1559,0,0,3,2,0,0,16,0,3,2,3,1,5,0,0,17
1560,0,0,1,2,0,0,16,16,3,2,3,12,5,0,0,2
1561,0,0,4,0,1,1,9,13,3,2,0,12,5,0,0,18
1562,1,1,5,1,1,1,15,15,3,2,3,1,5,0,0,1
1563,1,1,3,2,0,1,0,7,3,2,3,1,5,0,0,11
1564,0,0,4,0,1,1,9,10,1,2,0,12,5,0,0,14
1565,1,1,4,0,1,1,21,9,3,2,1,12,5,0,0,14
1566,0,0,4,3,0,1,0,7,3,2,3,1,5,0,0,2
1567,1,1,3,3,0,0,0,0,3,2,3,1,5,0,0,2
1568,1,1,4,3,1,0,17,0,3,2,3,1,5,0,0,2
1569,0,0,0,0,0,0,25,25,4,2,3,1,5,0,0,5
1570,0,0,4,1,1,1,2,13,3,2,3,1,5,0,0,5
1571,0,0,4,2,0,1,6,11,3,2,3,12,5,0,0,2
1572,1,1,2,2,0,0,16,6,2,2,3,12,1,0,0,0
1573,1,2,3,2,0,1,0,9,0,2,3,12,5,1,1,9
1574,0,0,0,0,0,0,25,25,4,2,3,1,5,0,0,6
1575,1,1,4,1,1,1,15,15,3,2,3,1,5,0,0,2
1576,1,1,2,1,0,1,16,10,2,2,3,12,1,0,0,2
1577,1,2,4,2,0,1,0,13,0,2,0,12,5,1,1,18
1578,0,0,4,2,0,0,16,0,3,2,3,1,5,0,0,11
1579,1,1,3,2,0,1,0,9,0,2,3,3,5,0,1,1
1580,1,1,0,0,0,0,25,25,4,2,3,12,5,0,0,13
1581,1,1,0,0,0,0,25,25,4,2,3,12,5,0,0,2
1582,0,0,3,2,0,0,0,0,3,2,3,12,5,0,0,6
1583,0,0,2,2,0,0,16,6,3,2,3,12,5,0,0,6
1584,1,1,0,0,0,0,25,25,4,2,3,12,5,0,0,6
1585,1,1,0,0,0,0,25,25,4,2,3,12,5,0,0,6
1586,1,1,3,2,0,1,0,11,0,2,3,12,4,0,0,6
1587,0,0,1,1,0,1,16,13,0,2,3,12,5,0,0,2
1588,1,1,2,2,0,1,6,9,2,2,3,12,5,0,0,2
1589,1,1,0,0,0,0,25,25,4,2,3,12,5,0,0,8
1590,1,1,4,3,1,0,1,6,5,2,2,12,5,0,0,8
1591,1,1,3,1,1,0,1,0,3,2,5,12,5,0,0,13
1592,0,0,3,3,1,0,2,0,1,2,1,12,5,0,0,14
1593,1,1,4,1,1,1,2,11,3,2,1,12,5,1,1,14
1594,1,1,4,0,1,1,2,13,3,2,1,12,5,0,0,2
1595,1,2,3,2,0,1,0,3,2,2,0,12,5,1,1,18
1596,1,1,3,1,1,1,2,13,3,2,1,12,5,0,0,11
1597,0,0,4,1,1,1,2,3,3,2,1,12,5,0,0,5
1598,1,1,3,2,1,0,4,16,1,2,5,12,5,0,0,6
1599,0,0,3,2,1,0,19,0,3,2,1,12,5,0,0,5
1600,0,0,3,2,1,1,9,3,3,2,2,12,5,0,0,21
1601,1,1,3,1,1,1,9,9,3,2,1,12,5,0,0,10
1602,0,0,0,0,0,0,25,25,4,2,5,12,5,0,0,1
1603,1,1,2,1,1,1,9,18,3,2,3,12,5,0,0,6
1604,1,1,0,0,0,0,25,25,4,2,1,12,5,0,0,7
1605,1,1,4,1,1,1,9,9,3,2,1,12,5,0,0,7
1606,0,0,4,3,1,0,9,0,3,2,1,12,5,0,0,16
1607,0,0,4,3,1,0,9,0,3,2,5,12,5,0,0,6
1608,0,0,4,1,1,1,9,14,1,2,2,12,5,0,0,13
1609,1,2,4,1,1,1,9,13,3,2,0,12,5,1,1,17
1610,1,1,5,1,1,1,9,10,0,2,5,12,1,0,0,3
1611,1,1,4,0,1,1,9,9,3,2,1,12,5,0,0,14
1612,1,1,4,0,1,1,9,13,3,2,1,12,5,0,0,20
1613,1,1,5,0,1,1,9,15,3,2,0,12,5,0,0,7
1614,1,1,5,1,1,1,9,10,3,2,1,12,5,0,0,16
1615,1,1,4,0,1,1,9,1,3,2,1,12,5,0,0,21
1616,1,1,3,2,1,1,9,13,1,2,5,12,5,0,0,3
1617,1,1,6,2,1,1,9,15,2,2,2,12,1,0,0,6
1618,1,1,4,1,1,1,9,2,2,2,3,12,1,0,0,8
1619,0,0,5,2,1,0,9,0,1,2,2,12,5,0,0,12
1620,0,0,4,2,1,0,9,0,1,2,2,12,5,0,0,5
1621,1,1,3,1,1,1,9,5,3,2,1,12,5,0,1,16
1622,1,1,4,1,1,1,9,13,3,2,1,12,5,0,0,16
1623,0,0,4,2,1,0,9,0,1,2,2,12,5,0,0,14
1624,1,1,4,2,1,0,9,6,3,2,0,12,5,0,0,4
1625,1,2,5,1,1,1,9,19,2,2,0,12,5,1,1,18
1626,0,0,5,2,1,0,9,0,3,2,1,12,5,0,0,3
1627,0,0,4,3,1,0,9,0,1,2,1,12,5,0,0,5
1628,1,1,5,1,1,1,9,3,3,2,1,12,5,0,0,16
1629,0,0,4,3,1,0,9,0,1,2,1,12,5,0,0,18
1630,0,0,4,1,1,1,9,13,1,2,0,12,5,0,0,7
1631,1,1,3,1,1,1,9,13,2,2,1,12,5,0,0,13
1632,1,2,4,3,1,0,9,0,1,2,1,12,5,0,0,14
1633,0,0,4,2,1,1,9,7,1,2,0,12,5,0,0,5
1634,0,0,4,3,1,0,9,0,3,2,0,12,5,0,0,5
1635,0,0,4,0,1,1,9,13,1,2,0,12,5,0,0,0
1636,1,1,5,0,1,1,9,13,3,2,0,12,5,0,0,20
1637,1,1,5,1,1,1,9,11,3,2,1,12,5,0,0,14
1638,1,1,4,0,1,1,9,4,1,2,0,12,5,0,0,2
1639,1,1,4,1,1,1,9,13,1,2,1,12,5,0,0,10
1640,0,0,0,0,0,0,25,25,4,2,5,12,5,0,0,2
1641,0,0,4,1,1,1,9,7,1,2,0,12,5,0,0,8
1642,1,1,4,2,1,1,11,15,3,2,1,12,5,0,0,7
1643,1,1,4,0,1,1,11,10,3,2,1,12,5,0,0,7
1644,1,1,3,1,1,1,11,13,3,2,1,12,5,0,0,13
1645,1,1,3,0,1,1,11,14,1,2,0,12,5,0,0,15
1646,1,1,3,1,1,1,20,14,3,2,3,12,5,0,0,20
1647,1,1,3,1,1,0,13,6,3,2,1,12,5,0,1,16
1648,0,0,3,1,1,1,13,19,3,2,0,12,5,0,0,2
1649,1,1,3,2,1,0,13,6,5,2,3,12,5,1,1,9
1650,0,0,4,2,1,0,13,0,3,2,1,12,5,0,0,18
1651,1,1,4,1,1,1,13,23,3,2,1,12,5,0,0,0
1652,1,1,3,1,1,0,13,0,3,2,1,12,5,0,0,16
1653,1,1,3,1,1,1,13,7,3,2,1,12,5,0,0,10
1654,1,1,4,2,1,1,13,23,5,2,1,12,5,0,0,15
1655,1,2,4,1,1,1,13,14,3,2,1,12,4,0,0,12
1656,1,1,3,1,1,1,13,19,1,2,1,12,5,0,0,16
1657,1,1,4,0,1,1,13,12,1,2,1,12,5,0,0,14
1658,1,1,4,1,1,1,14,1,3,2,1,12,5,1,1,14
1659,1,1,3,1,1,1,14,19,5,2,0,12,4,0,0,20
1660,1,1,3,2,1,0,14,6,5,2,2,12,5,0,0,15
1661,1,2,3,2,1,0,14,6,5,2,0,12,5,1,1,9
1662,0,0,4,3,1,0,14,0,1,2,1,12,5,0,0,18
1663,0,0,4,1,1,1,14,15,1,2,5,12,5,0,0,6
1664,1,1,4,0,1,1,14,2,3,2,5,12,5,0,0,17
1665,1,1,6,1,1,1,14,13,0,2,0,12,4,0,0,6
1666,0,0,4,1,1,1,14,23,3,2,0,12,5,0,0,14
1667,1,1,4,1,1,1,21,23,3,2,0,12,5,0,0,8
1668,1,1,4,0,1,1,21,2,1,2,0,12,5,0,0,10
1669,1,1,4,0,1,1,14,3,3,2,1,12,5,0,0,14
1670,1,1,3,1,1,1,14,12,1,2,1,12,5,0,0,14
1671,0,0,4,2,0,1,0,11,3,2,3,12,5,0,0,20
1672,0,0,0,0,0,0,25,25,4,2,3,12,5,0,0,6
1673,0,0,5,2,1,0,15,0,3,2,1,12,5,0,0,12
1674,1,1,4,1,1,1,15,1,1,2,1,12,5,1,1,16
1675,0,0,3,1,1,0,15,0,1,2,2,12,5,0,0,4
1676,0,0,3,3,1,0,15,0,1,2,1,12,5,0,0,11
1677,1,1,3,1,1,1,15,13,1,2,1,12,5,0,1,1
1678,1,1,4,0,1,1,15,14,3,2,1,12,5,0,0,10
1679,1,1,4,0,1,1,15,23,3,2,1,12,5,0,0,5
1680,0,0,5,1,1,1,15,7,3,2,0,12,5,0,0,10
1681,1,1,3,1,1,1,15,9,3,2,1,12,5,0,0,15
1682,1,1,3,1,1,1,15,10,3,2,1,12,5,0,0,6
1683,1,1,4,0,1,1,18,13,3,2,1,12,5,0,0,5
1684,1,1,2,2,0,1,0,14,0,2,3,12,5,0,0,2
1685,1,1,0,0,0,0,25,25,4,2,3,12,5,0,0,13
1686,1,2,2,1,1,0,4,0,1,2,3,12,5,1,1,9
1687,1,1,2,2,0,1,0,2,3,2,3,12,5,0,0,0
1688,1,1,0,0,0,0,25,25,4,2,3,1,5,0,0,13
1689,1,1,2,2,1,0,1,0,5,2,3,12,5,1,1,9
1690,1,1,2,1,1,0,1,0,5,2,3,12,5,1,1,9
1691,1,1,4,1,1,0,9,6,3,2,0,12,5,0,1,1
1692,1,1,4,1,1,1,1,10,1,2,1,12,5,1,1,9
1693,1,2,5,2,1,1,1,10,5,2,0,12,5,1,1,5
1694,1,1,4,2,1,1,2,8,3,2,1,12,5,0,0,21
1695,1,1,4,0,1,1,2,1,1,2,1,12,5,0,0,12
1696,1,1,4,2,1,0,2,16,1,2,2,12,5,0,0,12
1697,1,1,4,1,1,1,2,13,3,2,1,12,5,0,0,16
1698,1,1,3,0,1,1,2,9,3,2,1,12,5,0,0,18
1699,1,1,4,0,1,1,2,1,1,2,1,12,5,0,0,16
1700,1,1,3,1,1,0,2,6,1,2,1,12,5,1,1,9
1701,1,1,4,0,1,1,2,23,3,2,1,12,5,0,0,18
1702,0,0,3,2,1,0,2,6,3,2,0,12,5,0,0,20
1703,1,1,4,2,1,1,2,11,3,2,5,12,5,0,0,12
1704,1,1,3,1,1,0,2,0,1,2,1,12,5,0,0,2
1705,1,1,4,1,1,1,3,8,1,2,2,12,5,0,0,14
1706,1,1,3,1,1,0,19,0,3,2,1,12,5,1,1,5
1707,1,2,1,2,0,0,6,6,1,2,3,12,5,1,1,9
1708,0,0,2,2,0,0,6,6,3,2,3,12,5,1,1,9
1709,0,0,2,2,0,0,6,0,3,2,3,12,5,1,1,9
1710,1,1,2,2,1,0,8,16,5,2,2,12,5,0,0,15
1711,1,1,4,2,1,1,9,11,1,2,1,12,5,0,0,13
1712,1,1,3,2,1,1,9,1,3,2,1,12,5,0,0,5
1713,1,1,4,1,1,1,9,10,1,2,1,12,5,0,0,8
1714,1,1,3,2,1,1,9,11,3,2,1,12,5,0,0,21
1715,1,1,3,2,1,1,9,11,1,2,1,12,5,1,1,14
1716,0,0,5,2,1,1,9,15,1,2,2,12,5,0,0,20
1717,1,1,3,1,1,1,9,13,1,2,1,12,5,0,0,21
1718,0,0,3,2,1,0,9,6,1,2,2,12,5,0,0,12
1719,1,1,4,2,1,1,9,13,3,2,5,12,5,0,0,6
1720,1,1,3,2,1,0,9,0,1,2,1,12,5,1,1,18
1721,0,0,4,1,1,1,9,11,1,2,5,12,5,0,0,2
1722,0,0,4,1,1,1,9,10,1,2,0,12,5,0,1,1
1723,1,1,4,0,1,1,9,13,1,2,1,12,5,0,0,13
1724,1,1,3,2,1,0,9,16,1,2,2,12,5,0,0,18
1725,0,0,3,1,1,1,9,15,1,2,1,12,5,0,0,4
1726,1,1,3,1,1,1,9,23,3,2,1,12,5,0,0,14
1727,1,1,4,2,1,1,9,14,3,2,2,12,5,0,0,21
1728,0,0,4,2,1,0,9,0,1,2,2,12,5,0,0,2
1729,1,1,3,1,1,1,9,9,3,2,5,12,5,0,0,16
1730,0,0,4,2,1,0,9,0,3,2,1,12,5,0,0,16
1731,1,1,4,1,1,1,9,14,3,2,3,12,5,0,0,14
1732,1,1,5,1,1,1,9,5,1,2,1,12,5,1,1,16
1733,1,1,4,0,1,1,9,19,1,2,1,12,5,0,0,7
1734,0,0,4,2,1,0,9,0,3,2,5,12,5,0,0,20
1735,1,1,5,1,1,0,9,6,1,2,3,12,5,0,0,7
1736,1,2,3,1,1,1,9,9,1,2,1,12,5,0,0,20
1737,1,1,4,2,1,1,9,11,3,2,1,12,5,0,0,5
1738,0,0,4,3,1,0,9,0,1,2,1,12,5,0,0,10
1739,1,1,4,1,1,1,9,12,1,2,0,12,5,0,0,8
1740,1,1,4,1,1,1,9,9,3,2,3,12,5,0,0,10
1741,1,1,4,0,1,1,9,14,1,2,0,12,5,0,0,8
1742,0,0,4,1,1,1,9,7,1,2,0,12,5,0,0,18
1743,0,0,3,1,1,1,9,9,1,2,0,12,5,0,0,10
1744,0,0,3,1,1,1,9,21,1,2,3,12,5,0,1,16
1745,1,1,3,1,1,1,9,22,3,2,0,12,5,0,0,16
1746,1,1,3,1,1,0,9,0,3,2,0,12,5,0,0,5
1747,0,0,4,1,1,0,9,0,1,2,0,12,5,0,0,10
1748,0,0,4,1,1,0,9,0,1,2,1,12,5,0,0,7
1749,1,2,5,1,1,1,9,3,2,2,0,12,5,0,1,1
1750,1,1,4,0,1,1,9,9,3,2,1,12,5,0,0,15
1751,1,1,3,1,1,0,9,0,3,2,1,12,5,0,0,18
1752,0,0,4,1,1,1,9,11,3,2,0,12,5,0,0,5
1753,0,0,4,2,1,0,9,0,1,2,1,12,5,0,0,21
1754,1,1,4,0,1,1,9,3,1,2,0,12,5,0,0,7
1755,1,1,3,1,1,0,9,6,1,2,3,12,5,0,0,14
1756,1,1,5,0,1,1,9,15,1,2,0,12,5,0,0,11
1757,0,0,3,1,1,1,9,22,1,2,0,12,5,0,0,3
1758,0,0,4,2,1,1,9,10,3,2,0,12,5,0,0,6
1759,0,0,3,2,1,1,9,13,3,2,0,12,5,0,0,14
1760,1,1,4,1,1,1,9,15,3,2,0,12,5,0,0,16
1761,1,1,4,2,1,1,9,10,1,2,1,12,5,1,1,5
1762,0,0,6,2,1,0,9,0,1,2,2,12,5,0,0,12
1763,0,0,4,1,1,1,9,3,3,2,3,12,5,0,0,5
1764,0,0,4,1,1,1,9,15,5,2,0,12,5,0,0,3
1765,1,1,5,1,1,1,9,11,1,2,5,12,5,0,0,3
1766,1,1,3,1,1,1,9,13,3,2,5,12,5,0,0,0
1767,1,1,5,0,1,1,9,13,1,2,1,12,5,0,0,4
1768,0,0,4,1,1,0,9,0,1,2,1,12,5,0,0,6
1769,1,1,4,1,1,1,9,10,3,2,1,12,5,0,0,3
1770,1,1,4,1,1,1,9,11,3,2,1,12,5,0,0,12
1771,1,1,4,2,1,1,9,9,1,2,0,12,1,0,0,13
1772,1,1,3,1,1,1,9,9,3,2,1,12,5,0,0,14
1773,0,0,0,0,0,0,25,25,4,2,1,12,5,0,1,16
1774,1,1,4,2,1,1,9,10,3,2,1,12,5,0,0,18
1775,0,0,4,3,1,0,9,0,1,2,1,12,5,0,0,10
1776,1,1,4,2,1,1,9,11,3,2,1,12,5,0,0,6
1777,0,0,4,1,1,1,9,11,1,2,0,12,5,0,0,18
1778,0,0,5,1,1,0,9,0,3,2,0,12,5,0,0,8
1779,0,0,4,4,1,0,9,0,3,2,2,12,5,0,0,18
1780,0,0,0,0,0,0,25,25,4,2,0,12,5,0,0,14
1781,1,1,4,1,1,1,9,19,3,2,1,12,5,0,0,5
1782,1,1,5,1,1,1,9,19,1,2,1,12,5,0,0,18
1783,1,1,4,1,1,1,10,11,1,2,2,12,5,0,0,15
1784,1,1,6,0,1,1,9,10,1,2,1,12,5,1,1,18
1785,1,1,7,0,1,1,9,23,1,2,1,12,5,1,1,18
1786,1,1,5,1,1,1,9,21,0,2,5,12,4,0,0,6
1787,0,0,5,4,1,0,9,0,3,2,1,12,5,0,0,7
1788,1,1,5,1,1,1,9,11,2,2,1,12,5,1,1,16
1789,1,1,4,1,1,1,9,23,3,2,1,12,5,0,0,18
1790,1,1,5,1,1,1,9,3,3,2,1,12,5,0,0,18
1791,0,0,5,4,1,0,9,0,3,2,0,12,5,0,0,18
1792,1,1,6,0,1,1,9,9,2,2,3,12,5,1,1,18
1793,1,1,6,1,1,1,9,9,3,2,1,12,5,0,0,10
1794,1,1,0,0,0,0,25,25,4,2,1,12,5,1,1,21
1795,1,1,5,0,1,1,9,11,3,2,1,12,5,0,0,18
1796,1,1,4,2,1,1,9,11,3,2,1,12,5,0,0,8
1797,0,0,4,3,1,0,9,0,3,2,1,12,5,0,0,16
1798,1,1,4,0,1,1,9,13,3,2,1,12,5,0,0,7
1799,0,0,4,0,1,1,9,1,1,2,1,12,5,0,0,4
1800,1,1,4,0,1,1,9,13,1,2,1,12,5,0,0,4
1801,0,0,3,2,1,0,9,0,1,2,1,12,5,0,0,13
1802,1,1,4,2,1,1,9,1,3,2,1,12,5,0,0,5
1803,1,1,4,2,1,1,9,9,3,2,1,12,5,0,0,0
1804,0,0,4,0,1,1,9,13,3,2,0,12,5,0,0,18
1805,1,1,4,2,1,1,15,11,3,2,1,12,5,0,0,14
1806,1,1,3,2,1,1,9,2,0,2,0,12,1,0,0,12
1807,0,0,2,1,1,1,9,12,1,2,1,12,5,0,0,20
1808,0,0,3,2,1,1,9,12,3,2,0,12,5,0,0,7
1809,1,1,3,2,1,1,9,11,1,2,2,12,5,0,0,14
1810,1,1,3,2,1,1,9,13,1,2,1,12,5,1,1,18
1811,1,2,4,3,1,0,9,0,2,2,1,12,5,1,1,9
1812,1,1,3,1,1,1,9,10,3,2,1,12,5,0,0,1
1813,1,1,4,1,1,1,9,2,3,2,1,12,5,0,0,20
1814,0,0,4,1,1,1,9,15,1,2,1,12,5,0,0,18
1815,0,0,4,1,1,1,9,23,3,2,1,12,5,0,0,18
1816,0,0,3,0,1,1,9,11,3,2,0,12,5,0,0,16
1817,1,1,0,0,0,0,25,25,4,2,1,12,5,1,1,5
1818,1,1,4,2,1,1,9,2,1,2,1,12,5,0,0,15
1819,1,1,4,1,1,1,9,2,3,2,1,12,5,0,0,18
1820,1,1,4,1,1,1,9,9,1,2,1,12,5,0,0,2
1821,1,1,3,1,1,1,9,13,3,2,1,12,5,0,0,21
1822,1,1,4,2,1,1,9,1,1,2,1,12,5,0,0,17
1823,1,1,4,1,1,1,9,9,1,2,1,12,5,1,1,18
1824,1,1,5,1,1,1,9,15,1,2,1,12,5,0,1,16
1825,1,1,3,1,1,1,9,1,1,2,1,12,5,0,0,15
1826,0,0,4,3,1,0,9,0,1,2,1,12,5,0,0,16
1827,1,1,3,1,1,1,9,2,1,2,1,12,5,0,0,7
1828,1,1,4,0,1,1,9,3,3,2,1,12,5,0,0,6
1829,1,1,5,2,1,1,9,11,3,2,1,12,5,0,0,18
1830,1,1,4,1,1,1,9,11,3,2,0,12,5,0,0,6
1831,1,1,4,1,1,1,9,13,1,2,1,12,5,0,0,10
1832,1,1,3,1,1,1,9,13,3,2,1,12,5,0,0,16
1833,1,1,3,1,1,0,9,0,1,2,1,12,5,0,0,13
1834,1,1,4,0,1,1,9,12,1,2,1,12,5,0,1,9
1835,0,0,5,0,1,1,9,15,1,2,3,12,5,0,0,3
1836,1,1,3,1,1,1,9,3,3,2,1,12,5,0,0,5
1837,1,1,4,2,1,1,9,14,1,2,1,12,5,0,0,15
1838,1,1,4,1,1,1,9,14,3,2,0,12,5,0,0,14
1839,1,1,0,0,0,0,25,25,4,2,3,12,5,1,1,18
1840,0,0,4,2,1,0,9,0,3,2,1,12,5,0,0,20
1841,1,1,3,1,1,0,11,6,1,2,1,12,5,1,1,16
1842,0,0,3,1,1,1,11,7,3,2,0,12,5,0,0,16
1843,1,1,4,2,1,1,11,19,3,2,1,12,5,0,0,9
1844,1,1,4,2,1,1,11,11,3,2,5,12,5,0,0,11
1845,0,0,4,1,1,0,11,0,1,2,2,12,5,0,0,15
1846,0,0,5,0,1,1,11,13,3,2,0,12,5,0,0,12
1847,1,1,4,0,1,1,11,15,3,2,1,12,5,0,0,7
1848,0,0,5,0,1,1,11,15,1,2,0,12,5,0,0,5
1849,1,1,4,2,1,1,20,2,3,2,3,12,5,0,0,20
1850,1,1,4,1,1,1,13,2,1,2,1,12,5,0,0,4
1851,0,0,4,2,1,0,13,0,1,2,0,1,5,0,0,5
1852,1,1,3,1,1,0,13,0,3,2,1,12,5,0,0,14
1853,0,0,4,1,1,1,14,20,3,2,0,12,5,0,0,12
1854,1,1,2,2,1,0,14,6,5,2,1,12,5,1,1,18
1855,1,1,3,1,1,0,14,16,3,2,3,12,5,0,0,6
1856,1,1,4,2,1,1,14,2,1,2,1,12,5,1,1,16
1857,1,1,4,3,1,0,21,0,3,2,1,12,5,0,0,5
1858,1,1,4,1,1,1,14,1,3,2,5,12,5,0,0,12
1859,1,1,4,1,1,0,14,6,1,2,3,12,5,0,0,12
1860,1,1,4,0,1,1,21,13,1,2,1,12,5,0,0,20
1861,1,1,4,2,1,1,14,1,1,2,0,12,5,0,0,10
1862,1,1,3,1,1,1,14,3,3,2,1,12,5,0,0,21
1863,1,1,5,2,1,0,14,0,3,2,4,12,5,0,0,10
1864,1,1,4,1,1,1,14,10,3,2,1,12,5,0,0,18
1865,0,0,4,1,1,1,14,23,3,2,0,12,5,0,0,14
1866,1,1,5,1,1,1,14,10,3,2,1,12,5,0,0,15
1867,1,1,5,1,1,1,14,15,3,2,5,12,5,0,0,16
1868,1,1,4,0,1,1,14,10,3,2,1,12,5,0,0,2
1869,1,1,4,0,1,1,21,3,1,2,1,12,5,0,0,12
1870,1,1,3,1,1,0,21,0,3,2,1,12,5,0,0,12
1871,1,1,3,1,1,0,21,0,3,2,1,12,5,0,0,14
1872,1,1,4,1,1,1,21,1,3,2,1,12,5,0,0,6
1873,1,1,5,1,1,1,14,14,3,2,2,12,5,0,0,14
1874,0,0,3,1,1,0,21,6,3,2,3,12,5,0,0,12
1875,1,1,5,1,1,1,14,9,1,2,1,12,5,0,0,3
1876,0,0,4,2,1,0,21,6,1,2,2,12,5,0,0,11
1877,1,1,4,2,1,0,21,0,3,2,1,12,5,0,0,21
1878,0,0,2,2,0,0,0,0,3,2,3,1,5,0,0,18
1879,0,0,1,2,0,0,0,0,3,2,3,12,5,0,0,4
1880,1,1,3,2,0,1,0,18,0,2,0,12,4,0,0,6
1881,0,0,2,2,0,1,0,4,0,2,3,12,5,0,0,1
1882,0,0,2,2,0,0,0,0,3,2,3,12,5,0,0,3
1883,0,0,2,2,0,0,0,0,3,2,3,12,5,0,0,18
1884,0,0,2,2,0,0,6,6,3,2,3,12,5,0,0,2
1885,0,0,3,3,0,0,0,0,3,2,3,12,5,0,0,18
1886,0,0,3,2,1,1,7,9,3,2,5,12,5,0,0,10
1887,1,1,5,1,1,1,15,1,3,2,1,12,5,0,0,14
1888,0,0,3,1,1,0,15,6,1,2,0,12,5,0,0,7
1889,0,0,5,2,1,0,15,0,3,2,3,12,5,0,0,21
1890,0,0,5,2,1,1,15,13,3,2,0,12,5,0,0,14
1891,0,0,3,2,1,0,15,6,1,2,2,12,5,0,0,11
1892,0,0,7,3,1,1,15,12,3,2,1,12,5,0,0,5
1893,1,1,4,2,1,1,15,24,1,2,1,12,5,0,0,20
1894,1,1,4,2,1,1,15,23,3,2,0,12,5,0,0,13
1895,1,1,4,1,1,1,15,13,1,2,1,12,5,1,1,14
1896,0,0,4,2,1,0,15,0,3,2,1,12,5,0,0,5
1897,0,0,3,2,0,1,16,10,3,2,3,12,5,0,0,19
1898,1,1,0,0,0,0,25,25,4,2,3,12,5,0,0,13
1899,1,1,2,2,0,1,0,7,3,2,3,12,5,0,0,6
1900,1,1,3,1,1,1,18,3,1,2,3,12,5,0,0,3
1901,1,1,3,1,1,1,18,11,3,2,1,12,5,0,0,5
1902,0,0,3,1,1,1,18,15,3,2,1,12,5,0,0,6
1903,1,1,4,1,1,1,18,11,3,2,1,12,5,0,0,20
1904,0,0,4,1,1,0,18,0,1,2,3,12,5,0,0,7
1905,0,0,5,1,1,1,18,23,3,2,0,12,5,0,0,0
1906,1,1,3,1,1,1,22,23,3,2,1,12,5,0,0,17
1907,1,1,3,1,1,1,9,10,2,2,1,12,5,0,0,20
1908,1,2,3,1,1,0,23,6,5,2,3,12,5,1,1,9
1909,1,2,2,2,1,0,24,6,5,2,3,12,5,1,1,9
1910,1,1,4,2,1,0,1,6,5,2,3,12,5,0,1,13
1911,1,1,4,2,1,1,1,8,5,2,3,12,5,0,1,13
1912,1,1,5,3,1,1,23,11,5,2,3,12,5,0,1,13
1913,0,0,0,0,0,0,25,25,3,2,3,12,5,0,1,1
